timestep,seed_ratio,claim_step,replicate,support_ratio
1,0.05,-1,0,0.052028317217663454
2,0.05,-1,0,0.05685833328160647
3,0.05,-1,0,0.061928845691863535
4,0.05,-1,0,0.06477504660398145
5,0.05,-1,0,0.053761050804075436
6,0.05,-1,0,0.05909925071608016
7,0.05,-1,0,0.061027625613631856
8,0.05,-1,0,0.06391147509801647
9,0.05,-1,0,0.06644017703404353
10,0.05,-1,0,0.06505841444177418
11,0.05,-1,0,0.05702578159511279
12,0.05,-1,0,0.06453427076185919
1,0.05,-1,1,0.055240111140560225
2,0.05,-1,1,0.055934072434712684
3,0.05,-1,1,0.06097853545234811
4,0.05,-1,1,0.07306500413022331
5,0.05,-1,1,0.07306687739547905
6,0.05,-1,1,0.09945378634225499
7,0.05,-1,1,0.12379765233853246
8,0.05,-1,1,0.12948246786379747
9,0.05,-1,1,0.15381831336492283
10,0.05,-1,1,0.15637415122520165
11,0.05,-1,1,0.16202563838676254
12,0.05,-1,1,0.18004284885444924
1,0.05,-1,2,0.04182088941055884
2,0.05,-1,2,0.046159807653152835
3,0.05,-1,2,0.04827639837701998
4,0.05,-1,2,0.045145540516845335
5,0.05,-1,2,0.05536349588432243
6,0.05,-1,2,0.06361890297753306
7,0.05,-1,2,0.0657465684984051
8,0.05,-1,2,0.08747013830588588
9,0.05,-1,2,0.08750975092034655
10,0.05,-1,2,0.10092403560034269
11,0.05,-1,2,0.11381122371742032
12,0.05,-1,2,0.12342659822287225
1,0.05,-1,3,0.04766677767588281
2,0.05,-1,3,0.05262282677522136
3,0.05,-1,3,0.05765894744517037
4,0.05,-1,3,0.05555318003316986
5,0.05,-1,3,0.06049455686505801
6,0.05,-1,3,0.05455788259364888
7,0.05,-1,3,0.06607862280266838
8,0.05,-1,3,0.06774564110569159
9,0.05,-1,3,0.08036943188089707
10,0.05,-1,3,0.09050934962948491
11,0.05,-1,3,0.09240770950762434
12,0.05,-1,3,0.11822443805564195
1,0.05,-1,4,0.03497199313607279
2,0.05,-1,4,0.04381901781842499
3,0.05,-1,4,0.062186222651621735
4,0.05,-1,4,0.0740041664082082
5,0.05,-1,4,0.07380045289025045
6,0.05,-1,4,0.08325214184579285
7,0.05,-1,4,0.09839990955779306
8,0.05,-1,4,0.11339482908810475
9,0.05,-1,4,0.12407063395962536
10,0.05,-1,4,0.1454235769987578
11,0.05,-1,4,0.17064026319408684
12,0.05,-1,4,0.1832151822801907
1,0.05,-1,5,0.03668008703258677
2,0.05,-1,5,0.055133109261170765
3,0.05,-1,5,0.08013788968096451
4,0.05,-1,5,0.09196386909183138
5,0.05,-1,5,0.1055286439268575
6,0.05,-1,5,0.12278213528042596
7,0.05,-1,5,0.15500721438793777
8,0.05,-1,5,0.16172011181269635
9,0.05,-1,5,0.191747260966411
10,0.05,-1,5,0.19781010935620272
11,0.05,-1,5,0.2269339776405322
12,0.05,-1,5,0.24744686359770174
1,0.05,-1,6,0.040689753694770084
2,0.05,-1,6,0.046519147395872984
3,0.05,-1,6,0.048414979072740616
4,0.05,-1,6,0.05021321393390819
5,0.05,-1,6,0.05143906852899765
6,0.05,-1,6,0.0699295816348652
7,0.05,-1,6,0.09777252317218535
8,0.05,-1,6,0.08633444246784887
9,0.05,-1,6,0.09945751074097882
10,0.05,-1,6,0.12538093942908246
11,0.05,-1,6,0.15366634319911043
12,0.05,-1,6,0.18959803928216937
1,0.05,-1,7,0.05270843108179329
2,0.05,-1,7,0.06492706196735946
3,0.05,-1,7,0.08174608954845744
4,0.05,-1,7,0.08817117574902493
5,0.05,-1,7,0.11504893472400897
6,0.05,-1,7,0.1441001697100248
7,0.05,-1,7,0.14971751594363117
8,0.05,-1,7,0.1839523297987666
9,0.05,-1,7,0.20978057495474844
10,0.05,-1,7,0.24280089303548794
11,0.05,-1,7,0.2657618589808237
12,0.05,-1,7,0.29311570668357967
1,0.05,-1,8,0.0476991118337586
2,0.05,-1,8,0.054577437720294136
3,0.05,-1,8,0.07393139974016369
4,0.05,-1,8,0.08274409425982364
5,0.05,-1,8,0.08904706370525482
6,0.05,-1,8,0.09814384274813279
7,0.05,-1,8,0.10546554995262994
8,0.05,-1,8,0.11813058738239457
9,0.05,-1,8,0.14280404725472345
10,0.05,-1,8,0.15398990038483626
11,0.05,-1,8,0.1805539221868139
12,0.05,-1,8,0.17918004040803898
1,0.05,-1,9,0.0400671997219095
2,0.05,-1,9,0.046441001946647846
3,0.05,-1,9,0.05002463480319801
4,0.05,-1,9,0.06649370397639402
5,0.05,-1,9,0.06194882183733826
6,0.05,-1,9,0.06436783651380909
7,0.05,-1,9,0.06024795303989457
8,0.05,-1,9,0.07121453171196021
9,0.05,-1,9,0.07670386158718906
10,0.05,-1,9,0.10116618240132137
11,0.05,-1,9,0.11099169717317268
12,0.05,-1,9,0.12136839240964799
1,0.05,-1,10,0.03080444531692202
2,0.05,-1,10,0.043377956378823766
3,0.05,-1,10,0.03266407359516808
4,0.05,-1,10,0.04256923217429898
5,0.05,-1,10,0.03943303566201521
6,0.05,-1,10,0.03987408081912619
7,0.05,-1,10,0.052846618537843504
8,0.05,-1,10,0.050222732447910645
9,0.05,-1,10,0.07254378520392357
10,0.05,-1,10,0.07833598895123278
11,0.05,-1,10,0.09158806113160484
12,0.05,-1,10,0.09114950491863237
1,0.05,-1,11,0.0363038252846965
2,0.05,-1,11,0.04959950526150807
3,0.05,-1,11,0.08061674549280748
4,0.05,-1,11,0.06366584627919104
5,0.05,-1,11,0.08528787294461473
6,0.05,-1,11,0.08680753581070909
7,0.05,-1,11,0.08524276325930073
8,0.05,-1,11,0.1006499210271001
9,0.05,-1,11,0.11530338710426019
10,0.05,-1,11,0.1332812401628619
11,0.05,-1,11,0.15131721967037212
12,0.05,-1,11,0.15864651469001756
1,0.05,-1,12,0.03594798307248469
2,0.05,-1,12,0.04765380936934924
3,0.05,-1,12,0.05325591355793465
4,0.05,-1,12,0.06095283601117806
5,0.05,-1,12,0.04426821903630432
6,0.05,-1,12,0.04800908516101207
7,0.05,-1,12,0.040590314184087706
8,0.05,-1,12,0.04114044163753481
9,0.05,-1,12,0.05186226854198396
10,0.05,-1,12,0.05355344765663571
11,0.05,-1,12,0.050895852215754725
12,0.05,-1,12,0.04619453597872094
1,0.05,-1,13,0.03635203924649547
2,0.05,-1,13,0.041213014704718984
3,0.05,-1,13,0.042819025039338474
4,0.05,-1,13,0.058528763682585666
5,0.05,-1,13,0.06057765641105831
6,0.05,-1,13,0.07283925384973093
7,0.05,-1,13,0.08303769512848123
8,0.05,-1,13,0.08598534313894812
9,0.05,-1,13,0.10728407508355065
10,0.05,-1,13,0.11879124935813744
11,0.05,-1,13,0.131310355422878
12,0.05,-1,13,0.1512043834053674
1,0.05,-1,14,0.046153711828966014
2,0.05,-1,14,0.0541656212183332
3,0.05,-1,14,0.06051789867105566
4,0.05,-1,14,0.051942131340525166
5,0.05,-1,14,0.05402078175947979
6,0.05,-1,14,0.05815063415343244
7,0.05,-1,14,0.05456993134392353
8,0.05,-1,14,0.06597606841856941
9,0.05,-1,14,0.07089806065300328
10,0.05,-1,14,0.08200310500778495
11,0.05,-1,14,0.09190394665894595
12,0.05,-1,14,0.09237873383563364
1,0.05,-1,15,0.0577157109274592
2,0.05,-1,15,0.07572890390068525
3,0.05,-1,15,0.0986422899194999
4,0.05,-1,15,0.10238043516564221
5,0.05,-1,15,0.11167053785025079
6,0.05,-1,15,0.12338428408717886
7,0.05,-1,15,0.1313988279949387
8,0.05,-1,15,0.14472114303309894
9,0.05,-1,15,0.17113092541167077
10,0.05,-1,15,0.19583460091761937
11,0.05,-1,15,0.21992204171661947
12,0.05,-1,15,0.22273423305099913
1,0.05,-1,16,0.02883405165117929
2,0.05,-1,16,0.0330461055571686
3,0.05,-1,16,0.042940396848443245
4,0.05,-1,16,0.04548599944336643
5,0.05,-1,16,0.05282289501569031
6,0.05,-1,16,0.04903895057769311
7,0.05,-1,16,0.043818045199034726
8,0.05,-1,16,0.041157876907202365
9,0.05,-1,16,0.0402705825677881
10,0.05,-1,16,0.07286001801551409
11,0.05,-1,16,0.08706550081394793
12,0.05,-1,16,0.09671584483570307
1,0.05,-1,17,0.05048283754786229
2,0.05,-1,17,0.06847155363418139
3,0.05,-1,17,0.09016971551870097
4,0.05,-1,17,0.1005753281851578
5,0.05,-1,17,0.1158154385862658
6,0.05,-1,17,0.13038259589209114
7,0.05,-1,17,0.14051880267053798
8,0.05,-1,17,0.15724110686815856
9,0.05,-1,17,0.18034628805371744
10,0.05,-1,17,0.17960065086033186
11,0.05,-1,17,0.1900884715347323
12,0.05,-1,17,0.19538489059522327
1,0.05,-1,18,0.04957990942349167
2,0.05,-1,18,0.044884413487787544
3,0.05,-1,18,0.056564081790842984
4,0.05,-1,18,0.07270496392673861
5,0.05,-1,18,0.08320024546175174
6,0.05,-1,18,0.09746537234061975
7,0.05,-1,18,0.10096456019961862
8,0.05,-1,18,0.130588342883329
9,0.05,-1,18,0.1305000411144035
10,0.05,-1,18,0.15599904849655116
11,0.05,-1,18,0.1573074907177528
12,0.05,-1,18,0.183520146179008
1,0.05,-1,19,0.04919875727621484
2,0.05,-1,19,0.05276878532845794
3,0.05,-1,19,0.03692067500797839
4,0.05,-1,19,0.03279322587697933
5,0.05,-1,19,0.03455026197256596
6,0.05,-1,19,0.03714234800421208
7,0.05,-1,19,0.061833984914687466
8,0.05,-1,19,0.09354460586331834
9,0.05,-1,19,0.09248546908598189
10,0.05,-1,19,0.10671591606389405
11,0.05,-1,19,0.12269786718112427
12,0.05,-1,19,0.14589372209698256
1,0.05,-1,20,0.04221706166599083
2,0.05,-1,20,0.042972589567517254
3,0.05,-1,20,0.05492996825950009
4,0.05,-1,20,0.07822500910638706
5,0.05,-1,20,0.09501653745134095
6,0.05,-1,20,0.09232080291470413
7,0.05,-1,20,0.10868584882495512
8,0.05,-1,20,0.13995776325943943
9,0.05,-1,20,0.1595163441851044
10,0.05,-1,20,0.1745453160512723
11,0.05,-1,20,0.19704894027380948
12,0.05,-1,20,0.2207761192576872
1,0.05,-1,21,0.029340822979606218
2,0.05,-1,21,0.03181742311706248
3,0.05,-1,21,0.029446075866145865
4,0.05,-1,21,0.036623999180730886
5,0.05,-1,21,0.04139145663839024
6,0.05,-1,21,0.039860283502961946
7,0.05,-1,21,0.0493327340428282
8,0.05,-1,21,0.06014274564798118
9,0.05,-1,21,0.0667130852886294
10,0.05,-1,21,0.07157736778323416
11,0.05,-1,21,0.08519737768075683
12,0.05,-1,21,0.0854931879744266
1,0.05,-1,22,0.04892289141670952
2,0.05,-1,22,0.03802172842223689
3,0.05,-1,22,0.057084706677956044
4,0.05,-1,22,0.05553314654775869
5,0.05,-1,22,0.062049507575639
6,0.05,-1,22,0.06917726548902682
7,0.05,-1,22,0.09782419936945103
8,0.05,-1,22,0.10094159448091311
9,0.05,-1,22,0.10171992600102492
10,0.05,-1,22,0.13172958335109555
11,0.05,-1,22,0.13794288514185948
12,0.05,-1,22,0.14671348168133114
1,0.05,-1,23,0.034543120202708846
2,0.05,-1,23,0.043187106792574044
3,0.05,-1,23,0.051975187644579736
4,0.05,-1,23,0.054074499360087
5,0.05,-1,23,0.07221144217618378
6,0.05,-1,23,0.08040275504010917
7,0.05,-1,23,0.08401532751599794
8,0.05,-1,23,0.1055601332676727
9,0.05,-1,23,0.11850168606253918
10,0.05,-1,23,0.13367757368764216
11,0.05,-1,23,0.14880367336599373
12,0.05,-1,23,0.15707000900726323
1,0.05,-1,24,0.04155259277061613
2,0.05,-1,24,0.05299687352236808
3,0.05,-1,24,0.06374480922952044
4,0.05,-1,24,0.06550270739999435
5,0.05,-1,24,0.07465070869575172
6,0.05,-1,24,0.09651831446431391
7,0.05,-1,24,0.12116530758605223
8,0.05,-1,24,0.14684647907313753
9,0.05,-1,24,0.15845353275978996
10,0.05,-1,24,0.17779550799460445
11,0.05,-1,24,0.1886169061087786
12,0.05,-1,24,0.21267167701771428
1,0.05,-1,25,0.02725919955772054
2,0.05,-1,25,0.020183128884340533
3,0.05,-1,25,0.020740118234166632
4,0.05,-1,25,0.03373865079818214
5,0.05,-1,25,0.03755885290765837
6,0.05,-1,25,0.044397802590765825
7,0.05,-1,25,0.07367262452856516
8,0.05,-1,25,0.07806947926278406
9,0.05,-1,25,0.10175263692136191
10,0.05,-1,25,0.10113554800253184
11,0.05,-1,25,0.12172018994658244
12,0.05,-1,25,0.1378960570121119
1,0.05,-1,26,0.04480838148476786
2,0.05,-1,26,0.05904161079003586
3,0.05,-1,26,0.0768232249560772
4,0.05,-1,26,0.0762418357149666
5,0.05,-1,26,0.07155543655612165
6,0.05,-1,26,0.08313543369027689
7,0.05,-1,26,0.10852891750484402
8,0.05,-1,26,0.11967049237220932
9,0.05,-1,26,0.13366287657032078
10,0.05,-1,26,0.1672704561523404
11,0.05,-1,26,0.1838722470316552
12,0.05,-1,26,0.21352681283248967
1,0.05,-1,27,0.03850874739538918
2,0.05,-1,27,0.04056973127464787
3,0.05,-1,27,0.02565201992776577
4,0.05,-1,27,0.019973264270800567
5,0.05,-1,27,0.041681259270835117
6,0.05,-1,27,0.04015706311057949
7,0.05,-1,27,0.06353709655947187
8,0.05,-1,27,0.08579704106093873
9,0.05,-1,27,0.09234244708499355
10,0.05,-1,27,0.12242085450890916
11,0.05,-1,27,0.13306254506938336
12,0.05,-1,27,0.14114317445319383
1,0.05,-1,28,0.052566081996489336
2,0.05,-1,28,0.04502736930565479
3,0.05,-1,28,0.05301688278987479
4,0.05,-1,28,0.06252668824319942
5,0.05,-1,28,0.062083430352404705
6,0.05,-1,28,0.06604940709493327
7,0.05,-1,28,0.07386285917377831
8,0.05,-1,28,0.07227051158495017
9,0.05,-1,28,0.05729862023857675
10,0.05,-1,28,0.0713437717948254
11,0.05,-1,28,0.06658831147172335
12,0.05,-1,28,0.0805995821013597
1,0.05,-1,29,0.052525089292738115
2,0.05,-1,29,0.07223086102130666
3,0.05,-1,29,0.07519203644133954
4,0.05,-1,29,0.09390552077299874
5,0.05,-1,29,0.10497796569108758
6,0.05,-1,29,0.11562220611066086
7,0.05,-1,29,0.12119383399953539
8,0.05,-1,29,0.1206464900057979
9,0.05,-1,29,0.13977586178296053
10,0.05,-1,29,0.14014899275049708
11,0.05,-1,29,0.14405163358942466
12,0.05,-1,29,0.15058288355096183
1,0.15,-1,0,0.06707829577386615
2,0.15,-1,0,0.07785409565362554
3,0.15,-1,0,0.10492103196877955
4,0.15,-1,0,0.1063444746348615
5,0.15,-1,0,0.13474204608205684
6,0.15,-1,0,0.15219879829921437
7,0.15,-1,0,0.16399328258113047
8,0.15,-1,0,0.17566093558506932
9,0.15,-1,0,0.19456436804654043
10,0.15,-1,0,0.21908543125606825
11,0.15,-1,0,0.2482689395966794
12,0.15,-1,0,0.28128414656083023
1,0.15,-1,1,0.05815152102082263
2,0.15,-1,1,0.07358951707312136
3,0.15,-1,1,0.09683296619894931
4,0.15,-1,1,0.12056070662975231
5,0.15,-1,1,0.1469542663107319
6,0.15,-1,1,0.17744975740304403
7,0.15,-1,1,0.2156599351773596
8,0.15,-1,1,0.23654699490938202
9,0.15,-1,1,0.25758236928237316
10,0.15,-1,1,0.2907081029533406
11,0.15,-1,1,0.3307205248156488
12,0.15,-1,1,0.3695427527850371
1,0.15,-1,2,0.07969099828276749
2,0.15,-1,2,0.08424960975713518
3,0.15,-1,2,0.10951214121367797
4,0.15,-1,2,0.14372147874637892
5,0.15,-1,2,0.16135259410447347
6,0.15,-1,2,0.2045975826635774
7,0.15,-1,2,0.23730915912477485
8,0.15,-1,2,0.2713963108293186
9,0.15,-1,2,0.32293884423207275
10,0.15,-1,2,0.3423824284301042
11,0.15,-1,2,0.3702690972067706
12,0.15,-1,2,0.39060236919471175
1,0.15,-1,3,0.09983565330314477
2,0.15,-1,3,0.12449066667814274
3,0.15,-1,3,0.13866028734057498
4,0.15,-1,3,0.17367834869930227
5,0.15,-1,3,0.2069906488677644
6,0.15,-1,3,0.22834773083366372
7,0.15,-1,3,0.2749261245744059
8,0.15,-1,3,0.31487275771428475
9,0.15,-1,3,0.3347005114895634
10,0.15,-1,3,0.3689707772844836
11,0.15,-1,3,0.4307121424806682
12,0.15,-1,3,0.44241737989366314
1,0.15,-1,4,0.08728319185178607
2,0.15,-1,4,0.087135782349883
3,0.15,-1,4,0.1004816149054351
4,0.15,-1,4,0.11340590071729907
5,0.15,-1,4,0.128934204636836
6,0.15,-1,4,0.1591393903663903
7,0.15,-1,4,0.20094069627988223
8,0.15,-1,4,0.20894337159774953
9,0.15,-1,4,0.2241360078990511
10,0.15,-1,4,0.26935070364811364
11,0.15,-1,4,0.3072367335449987
12,0.15,-1,4,0.3526280324626496
1,0.15,-1,5,0.06418528033028169
2,0.15,-1,5,0.07813971907908297
3,0.15,-1,5,0.11917401805118183
4,0.15,-1,5,0.15126490340800527
5,0.15,-1,5,0.1608230534825675
6,0.15,-1,5,0.15852579528576222
7,0.15,-1,5,0.16687243079006106
8,0.15,-1,5,0.18987857073742273
9,0.15,-1,5,0.2156717134447688
10,0.15,-1,5,0.24885344923292285
11,0.15,-1,5,0.2882674554560909
12,0.15,-1,5,0.34619522694343613
1,0.15,-1,6,0.07609803154778405
2,0.15,-1,6,0.062191764859251444
3,0.15,-1,6,0.07159295238852112
4,0.15,-1,6,0.08058964142478607
5,0.15,-1,6,0.10339527404409746
6,0.15,-1,6,0.13318039485851724
7,0.15,-1,6,0.17179577108940117
8,0.15,-1,6,0.1943381140026834
9,0.15,-1,6,0.244699011214436
10,0.15,-1,6,0.2570415493917152
11,0.15,-1,6,0.2795883025285926
12,0.15,-1,6,0.30385539915684817
1,0.15,-1,7,0.08197475687584474
2,0.15,-1,7,0.10353768847279934
3,0.15,-1,7,0.11424089631793184
4,0.15,-1,7,0.12599211530606796
5,0.15,-1,7,0.1449922812222203
6,0.15,-1,7,0.16161415806082055
7,0.15,-1,7,0.183751570431079
8,0.15,-1,7,0.20980807840074522
9,0.15,-1,7,0.24765984954912484
10,0.15,-1,7,0.2631809234327727
11,0.15,-1,7,0.283180160088197
12,0.15,-1,7,0.31922045061976306
1,0.15,-1,8,0.06356177110080848
2,0.15,-1,8,0.06985872537673242
3,0.15,-1,8,0.10240673152708388
4,0.15,-1,8,0.12238791729750632
5,0.15,-1,8,0.15582951365816713
6,0.15,-1,8,0.18114260701627477
7,0.15,-1,8,0.2282211197895306
8,0.15,-1,8,0.2550662371630727
9,0.15,-1,8,0.28627947788796304
10,0.15,-1,8,0.3204379067707185
11,0.15,-1,8,0.3405472825492307
12,0.15,-1,8,0.3752703994799173
1,0.15,-1,9,0.06328203139272816
2,0.15,-1,9,0.08583992094526649
3,0.15,-1,9,0.10117924314148233
4,0.15,-1,9,0.09588172205455789
5,0.15,-1,9,0.10971672725053894
6,0.15,-1,9,0.12744856559712517
7,0.15,-1,9,0.15626754894021838
8,0.15,-1,9,0.18600472753320932
9,0.15,-1,9,0.21018643798929607
10,0.15,-1,9,0.23591460871436573
11,0.15,-1,9,0.2724220067686064
12,0.15,-1,9,0.3124897335200511
1,0.15,-1,10,0.07962400307013907
2,0.15,-1,10,0.09315001131943149
3,0.15,-1,10,0.10035851626717948
4,0.15,-1,10,0.11510129765286568
5,0.15,-1,10,0.13021383076936702
6,0.15,-1,10,0.15057442917681896
7,0.15,-1,10,0.18319646170470927
8,0.15,-1,10,0.2291083823767102
9,0.15,-1,10,0.2616575950745215
10,0.15,-1,10,0.28940089824996684
11,0.15,-1,10,0.3243849943420881
12,0.15,-1,10,0.34467039720703696
1,0.15,-1,11,0.09609861739339884
2,0.15,-1,11,0.11171807196844007
3,0.15,-1,11,0.12670513206800255
4,0.15,-1,11,0.14724533109669502
5,0.15,-1,11,0.18209144305439093
6,0.15,-1,11,0.2185051397675227
7,0.15,-1,11,0.2434411142740179
8,0.15,-1,11,0.26903753865159613
9,0.15,-1,11,0.30955882091700576
10,0.15,-1,11,0.359073001647022
11,0.15,-1,11,0.3993244296123839
12,0.15,-1,11,0.42505105960569195
1,0.15,-1,12,0.06107893332769626
2,0.15,-1,12,0.07608879109418909
3,0.15,-1,12,0.10745132135600907
4,0.15,-1,12,0.12874546863710182
5,0.15,-1,12,0.16094147736758446
6,0.15,-1,12,0.18317745242499128
7,0.15,-1,12,0.1897103236307033
8,0.15,-1,12,0.2157894081851781
9,0.15,-1,12,0.24861768530113404
10,0.15,-1,12,0.28240138584452895
11,0.15,-1,12,0.31532742979210854
12,0.15,-1,12,0.3296497266685313
1,0.15,-1,13,0.07648964478623384
2,0.15,-1,13,0.09507386068396811
3,0.15,-1,13,0.10632276127362345
4,0.15,-1,13,0.12253276657015388
5,0.15,-1,13,0.15805119338490736
6,0.15,-1,13,0.19677768911692803
7,0.15,-1,13,0.22562773159687205
8,0.15,-1,13,0.2490304480750699
9,0.15,-1,13,0.2829864168797298
10,0.15,-1,13,0.32292070565653774
11,0.15,-1,13,0.36588932746964287
12,0.15,-1,13,0.3895399068732699
1,0.15,-1,14,0.0905191767390566
2,0.15,-1,14,0.11240166745839363
3,0.15,-1,14,0.12739321004679202
4,0.15,-1,14,0.1388407000117612
5,0.15,-1,14,0.16092990472240154
6,0.15,-1,14,0.17935560995458957
7,0.15,-1,14,0.2117745362720025
8,0.15,-1,14,0.234493249703814
9,0.15,-1,14,0.2556092219539272
10,0.15,-1,14,0.29935829476871806
11,0.15,-1,14,0.3421919978081937
12,0.15,-1,14,0.37672373731434916
1,0.15,-1,15,0.07315495916785318
2,0.15,-1,15,0.08686541336169229
3,0.15,-1,15,0.11891969147946696
4,0.15,-1,15,0.14323237669457065
5,0.15,-1,15,0.16859038475373114
6,0.15,-1,15,0.21144957737356823
7,0.15,-1,15,0.24554721400852136
8,0.15,-1,15,0.27314135035194076
9,0.15,-1,15,0.31015221743511523
10,0.15,-1,15,0.3664202406367071
11,0.15,-1,15,0.3879427272614577
12,0.15,-1,15,0.40549649876431393
1,0.15,-1,16,0.06716768733258147
2,0.15,-1,16,0.07149732623342338
3,0.15,-1,16,0.08751157935574093
4,0.15,-1,16,0.11643598773094206
5,0.15,-1,16,0.1362155909776572
6,0.15,-1,16,0.1562010835148667
7,0.15,-1,16,0.1853858640558002
8,0.15,-1,16,0.20394971448721552
9,0.15,-1,16,0.2345098702712119
10,0.15,-1,16,0.27487376865623814
11,0.15,-1,16,0.3165522677387962
12,0.15,-1,16,0.3610800305488141
1,0.15,-1,17,0.0765064392895692
2,0.15,-1,17,0.07724448219695376
3,0.15,-1,17,0.08812520703227872
4,0.15,-1,17,0.11465209009584787
5,0.15,-1,17,0.13204809058669423
6,0.15,-1,17,0.1387042492037395
7,0.15,-1,17,0.1525755349098148
8,0.15,-1,17,0.16687189484306164
9,0.15,-1,17,0.19406709521999624
10,0.15,-1,17,0.22917883852803297
11,0.15,-1,17,0.26749374713302165
12,0.15,-1,17,0.31571327714668834
1,0.15,-1,18,0.07778176626889348
2,0.15,-1,18,0.09051920354182559
3,0.15,-1,18,0.09754156466226861
4,0.15,-1,18,0.11926908812100916
5,0.15,-1,18,0.1462307972702468
6,0.15,-1,18,0.16835744889801366
7,0.15,-1,18,0.186222420049782
8,0.15,-1,18,0.22395693123468788
9,0.15,-1,18,0.2363811364862256
10,0.15,-1,18,0.26122008993354967
11,0.15,-1,18,0.27377863479045106
12,0.15,-1,18,0.2963137775726381
1,0.15,-1,19,0.07997665260621924
2,0.15,-1,19,0.10508153901736417
3,0.15,-1,19,0.11266362801771494
4,0.15,-1,19,0.12810011643293986
5,0.15,-1,19,0.159114464948916
6,0.15,-1,19,0.1781242531487218
7,0.15,-1,19,0.20412387029536655
8,0.15,-1,19,0.22690549973632654
9,0.15,-1,19,0.25663764493266195
10,0.15,-1,19,0.2894206560380484
11,0.15,-1,19,0.34782853022849974
12,0.15,-1,19,0.38407887481919195
1,0.15,-1,20,0.07944283067309989
2,0.15,-1,20,0.0989511114062154
3,0.15,-1,20,0.1258319537463772
4,0.15,-1,20,0.14536190377579625
5,0.15,-1,20,0.1584387994510663
6,0.15,-1,20,0.17486257117831444
7,0.15,-1,20,0.18862160096374153
8,0.15,-1,20,0.22091278954226912
9,0.15,-1,20,0.25200882555773113
10,0.15,-1,20,0.2735309901112714
11,0.15,-1,20,0.30884734742765624
12,0.15,-1,20,0.3513014493104121
1,0.15,-1,21,0.06807169144728827
2,0.15,-1,21,0.07392779311668554
3,0.15,-1,21,0.07415152891821922
4,0.15,-1,21,0.09496834436791271
5,0.15,-1,21,0.11262953083599876
6,0.15,-1,21,0.10304749701740769
7,0.15,-1,21,0.10609142130632768
8,0.15,-1,21,0.12744075045942588
9,0.15,-1,21,0.14555656046241075
10,0.15,-1,21,0.16505575203144113
11,0.15,-1,21,0.19570616303943886
12,0.15,-1,21,0.21664812537112232
1,0.15,-1,22,0.07547803139918544
2,0.15,-1,22,0.07477227313230692
3,0.15,-1,22,0.08898421332677588
4,0.15,-1,22,0.10878516233915564
5,0.15,-1,22,0.11804889001238875
6,0.15,-1,22,0.14568127872851672
7,0.15,-1,22,0.19301805924817836
8,0.15,-1,22,0.23445366486925318
9,0.15,-1,22,0.27405566307410284
10,0.15,-1,22,0.3048114411094929
11,0.15,-1,22,0.3453267136051977
12,0.15,-1,22,0.37662112760726807
1,0.15,-1,23,0.07070679131185868
2,0.15,-1,23,0.08948355179204386
3,0.15,-1,23,0.10100420489723665
4,0.15,-1,23,0.11829289396638619
5,0.15,-1,23,0.15058911717432116
6,0.15,-1,23,0.20090547916832116
7,0.15,-1,23,0.22389656169821012
8,0.15,-1,23,0.2545091620461642
9,0.15,-1,23,0.2934401610732257
10,0.15,-1,23,0.3358754532014613
11,0.15,-1,23,0.375839330167576
12,0.15,-1,23,0.40474781569273266
1,0.15,-1,24,0.08146671725492362
2,0.15,-1,24,0.09832836598058947
3,0.15,-1,24,0.1218714101517491
4,0.15,-1,24,0.14773333290447047
5,0.15,-1,24,0.1655695517912381
6,0.15,-1,24,0.19482508688507783
7,0.15,-1,24,0.20718503026735516
8,0.15,-1,24,0.24675687340672603
9,0.15,-1,24,0.2784886888245242
10,0.15,-1,24,0.32131003204278924
11,0.15,-1,24,0.34355250018629463
12,0.15,-1,24,0.39824341803291174
1,0.15,-1,25,0.0646244270749435
2,0.15,-1,25,0.09008987276886336
3,0.15,-1,25,0.10619382278437928
4,0.15,-1,25,0.14425764027938007
5,0.15,-1,25,0.16660759935902514
6,0.15,-1,25,0.1907045595154727
7,0.15,-1,25,0.24265896512412138
8,0.15,-1,25,0.270353717313643
9,0.15,-1,25,0.30360788340157135
10,0.15,-1,25,0.32832683474253554
11,0.15,-1,25,0.3640733930946427
12,0.15,-1,25,0.3856804005929543
1,0.15,-1,26,0.06624630598841419
2,0.15,-1,26,0.08275330366306904
3,0.15,-1,26,0.10627972689882287
4,0.15,-1,26,0.12189298334490857
5,0.15,-1,26,0.13370025729812302
6,0.15,-1,26,0.1495824632285488
7,0.15,-1,26,0.16139091675576137
8,0.15,-1,26,0.1831343159880968
9,0.15,-1,26,0.20970056930024644
10,0.15,-1,26,0.258403961445383
11,0.15,-1,26,0.2790705816477466
12,0.15,-1,26,0.3020350339831346
1,0.15,-1,27,0.08669040521192749
2,0.15,-1,27,0.0964298952612805
3,0.15,-1,27,0.11627123726711824
4,0.15,-1,27,0.12635339415017532
5,0.15,-1,27,0.14755619401967596
6,0.15,-1,27,0.1808356722518884
7,0.15,-1,27,0.2103505817591921
8,0.15,-1,27,0.2461570475209482
9,0.15,-1,27,0.2855233443819435
10,0.15,-1,27,0.3290584713489298
11,0.15,-1,27,0.37908553084983504
12,0.15,-1,27,0.4154880619695144
1,0.15,-1,28,0.07950209879549264
2,0.15,-1,28,0.11556693936422073
3,0.15,-1,28,0.13035735373320317
4,0.15,-1,28,0.14432503215129291
5,0.15,-1,28,0.18162409877823532
6,0.15,-1,28,0.2043855131555904
7,0.15,-1,28,0.23065062347072543
8,0.15,-1,28,0.2520679484333431
9,0.15,-1,28,0.2856728739704675
10,0.15,-1,28,0.32593126123073907
11,0.15,-1,28,0.3553790103605463
12,0.15,-1,28,0.3774635067883925
1,0.15,-1,29,0.08252692776624733
2,0.15,-1,29,0.10054350783381957
3,0.15,-1,29,0.12551146935038382
4,0.15,-1,29,0.14649181315387377
5,0.15,-1,29,0.17315356040655552
6,0.15,-1,29,0.2079931895506031
7,0.15,-1,29,0.216750928809307
8,0.15,-1,29,0.24985399170883912
9,0.15,-1,29,0.2750905249872391
10,0.15,-1,29,0.31100739117724857
11,0.15,-1,29,0.36546775742243365
12,0.15,-1,29,0.3683797678443232
1,0.25,-1,0,0.13741273935917228
2,0.25,-1,0,0.16507305103853373
3,0.25,-1,0,0.1943722736015221
4,0.25,-1,0,0.2244351141907271
5,0.25,-1,0,0.24630892713959837
6,0.25,-1,0,0.2928427178016958
7,0.25,-1,0,0.3632492519500792
8,0.25,-1,0,0.4372805357786593
9,0.25,-1,0,0.4725184637403095
10,0.25,-1,0,0.5056830692423924
11,0.25,-1,0,0.5383404736410705
12,0.25,-1,0,0.5656884825802219
1,0.25,-1,1,0.1216039608386093
2,0.25,-1,1,0.14412917510348175
3,0.25,-1,1,0.16873047591986878
4,0.25,-1,1,0.200966666819737
5,0.25,-1,1,0.2385648344079148
6,0.25,-1,1,0.2962256295117283
7,0.25,-1,1,0.3480218799065894
8,0.25,-1,1,0.3793850400938311
9,0.25,-1,1,0.4192839530021886
10,0.25,-1,1,0.47903113353872234
11,0.25,-1,1,0.5120605199990031
12,0.25,-1,1,0.5414083026262912
1,0.25,-1,2,0.11728704454427631
2,0.25,-1,2,0.13415417044024194
3,0.25,-1,2,0.16977544844495832
4,0.25,-1,2,0.19235085455529982
5,0.25,-1,2,0.22323532380742098
6,0.25,-1,2,0.27031031299954267
7,0.25,-1,2,0.3104910906984716
8,0.25,-1,2,0.36054135273631976
9,0.25,-1,2,0.41779557176944443
10,0.25,-1,2,0.4651894415596404
11,0.25,-1,2,0.5078463896400149
12,0.25,-1,2,0.5393171065354867
1,0.25,-1,3,0.11040105773607715
2,0.25,-1,3,0.13548920866297315
3,0.25,-1,3,0.15840616652290584
4,0.25,-1,3,0.18430630702593517
5,0.25,-1,3,0.2274108289736621
6,0.25,-1,3,0.2625444304341939
7,0.25,-1,3,0.3150968960837557
8,0.25,-1,3,0.36566962847542456
9,0.25,-1,3,0.42712231245773363
10,0.25,-1,3,0.4808734052500446
11,0.25,-1,3,0.5162677829769169
12,0.25,-1,3,0.5464922548085581
1,0.25,-1,4,0.1300776764407682
2,0.25,-1,4,0.1772741169510232
3,0.25,-1,4,0.23852903971987244
4,0.25,-1,4,0.2728549013260192
5,0.25,-1,4,0.33425114061484607
6,0.25,-1,4,0.37092348807957215
7,0.25,-1,4,0.4170175365828027
8,0.25,-1,4,0.4531596024548725
9,0.25,-1,4,0.4960814657514724
10,0.25,-1,4,0.5189070453402931
11,0.25,-1,4,0.5567272930959266
12,0.25,-1,4,0.5780345190711644
1,0.25,-1,5,0.12201499840348082
2,0.25,-1,5,0.15516402277819097
3,0.25,-1,5,0.19752654883999857
4,0.25,-1,5,0.240285622873188
5,0.25,-1,5,0.2762760026753167
6,0.25,-1,5,0.3166944779598486
7,0.25,-1,5,0.3702944396931087
8,0.25,-1,5,0.42632238721695714
9,0.25,-1,5,0.46520632839985726
10,0.25,-1,5,0.5151735731531463
11,0.25,-1,5,0.553346413699744
12,0.25,-1,5,0.5848811254578324
1,0.25,-1,6,0.11956992532401867
2,0.25,-1,6,0.14625915257701425
3,0.25,-1,6,0.17357745577862177
4,0.25,-1,6,0.20726615484815533
5,0.25,-1,6,0.25536068916798954
6,0.25,-1,6,0.2987851125488628
7,0.25,-1,6,0.35346972046590064
8,0.25,-1,6,0.40362498869463775
9,0.25,-1,6,0.43836456069395513
10,0.25,-1,6,0.4910182072723963
11,0.25,-1,6,0.5298073936504459
12,0.25,-1,6,0.5685370795339463
1,0.25,-1,7,0.10863118612790501
2,0.25,-1,7,0.14601718639512873
3,0.25,-1,7,0.16760015755329172
4,0.25,-1,7,0.20108712565192519
5,0.25,-1,7,0.2582636619801713
6,0.25,-1,7,0.2962167989685148
7,0.25,-1,7,0.33346646653001827
8,0.25,-1,7,0.37665442020594087
9,0.25,-1,7,0.41880509300176705
10,0.25,-1,7,0.456110730005266
11,0.25,-1,7,0.5018224731770705
12,0.25,-1,7,0.5303050344490902
1,0.25,-1,8,0.11765096156722339
2,0.25,-1,8,0.15631811104846371
3,0.25,-1,8,0.1910212032696254
4,0.25,-1,8,0.2347727938106729
5,0.25,-1,8,0.2810988214502937
6,0.25,-1,8,0.3173604314191353
7,0.25,-1,8,0.3652986047663556
8,0.25,-1,8,0.40058031225355356
9,0.25,-1,8,0.4405442335553179
10,0.25,-1,8,0.48318230334013873
11,0.25,-1,8,0.5270441646300207
12,0.25,-1,8,0.5627997579179952
1,0.25,-1,9,0.14209889628537625
2,0.25,-1,9,0.17159522362718546
3,0.25,-1,9,0.21078318842055344
4,0.25,-1,9,0.24585437634104673
5,0.25,-1,9,0.2772659868456948
6,0.25,-1,9,0.309694551086175
7,0.25,-1,9,0.36410125588974
8,0.25,-1,9,0.41108344267873403
9,0.25,-1,9,0.47032393681218404
10,0.25,-1,9,0.5172199706700575
11,0.25,-1,9,0.5663180622732388
12,0.25,-1,9,0.5924239807080555
1,0.25,-1,10,0.1245620598595009
2,0.25,-1,10,0.1594756664274042
3,0.25,-1,10,0.1794473585768367
4,0.25,-1,10,0.19574965160824687
5,0.25,-1,10,0.22802628115779797
6,0.25,-1,10,0.27447989172946324
7,0.25,-1,10,0.32365864498522173
8,0.25,-1,10,0.37859421208231403
9,0.25,-1,10,0.4183340295735216
10,0.25,-1,10,0.4589760835665978
11,0.25,-1,10,0.5071310607322822
12,0.25,-1,10,0.5368314347373794
1,0.25,-1,11,0.10464766557308447
2,0.25,-1,11,0.11870700204043719
3,0.25,-1,11,0.13677479148534102
4,0.25,-1,11,0.15271920526944904
5,0.25,-1,11,0.18295158834334746
6,0.25,-1,11,0.2181854538328553
7,0.25,-1,11,0.27498222297252406
8,0.25,-1,11,0.32187941647292057
9,0.25,-1,11,0.38299318954900213
10,0.25,-1,11,0.4479681291406671
11,0.25,-1,11,0.4894998462675117
12,0.25,-1,11,0.5250876252608422
1,0.25,-1,12,0.12161258928141039
2,0.25,-1,12,0.15152420300297983
3,0.25,-1,12,0.18645901156105818
4,0.25,-1,12,0.21996060537436024
5,0.25,-1,12,0.2612210866477391
6,0.25,-1,12,0.3014276039458139
7,0.25,-1,12,0.3560988176952956
8,0.25,-1,12,0.4005467930316006
9,0.25,-1,12,0.4603571839747044
10,0.25,-1,12,0.4932505620281861
11,0.25,-1,12,0.5126291885526226
12,0.25,-1,12,0.5447138365480512
1,0.25,-1,13,0.11531661608326872
2,0.25,-1,13,0.12985442665243507
3,0.25,-1,13,0.16473607924890232
4,0.25,-1,13,0.2083877998583714
5,0.25,-1,13,0.25361851990891193
6,0.25,-1,13,0.2982356725153297
7,0.25,-1,13,0.33248341782084245
8,0.25,-1,13,0.37497278986801946
9,0.25,-1,13,0.43087196092543834
10,0.25,-1,13,0.49461325590529415
11,0.25,-1,13,0.5240596198781279
12,0.25,-1,13,0.5578316939985105
1,0.25,-1,14,0.12031008832635134
2,0.25,-1,14,0.14862834637255282
3,0.25,-1,14,0.20264636275410933
4,0.25,-1,14,0.23143356782135663
5,0.25,-1,14,0.288799416058038
6,0.25,-1,14,0.33145618187618336
7,0.25,-1,14,0.38464421031632556
8,0.25,-1,14,0.440756605597959
9,0.25,-1,14,0.49343344174500514
10,0.25,-1,14,0.534512953010524
11,0.25,-1,14,0.5582352962833408
12,0.25,-1,14,0.5645732847694802
1,0.25,-1,15,0.11004749346730472
2,0.25,-1,15,0.12940899259741173
3,0.25,-1,15,0.13992448096938281
4,0.25,-1,15,0.17777838963126483
5,0.25,-1,15,0.20922706887026057
6,0.25,-1,15,0.2543692432564106
7,0.25,-1,15,0.3022830942807323
8,0.25,-1,15,0.3422032769832468
9,0.25,-1,15,0.3931908258801244
10,0.25,-1,15,0.43469036452834847
11,0.25,-1,15,0.4802688067790088
12,0.25,-1,15,0.523978872443192
1,0.25,-1,16,0.11862555458503696
2,0.25,-1,16,0.15001033769789276
3,0.25,-1,16,0.18379218341350562
4,0.25,-1,16,0.22668979116293791
5,0.25,-1,16,0.26924523206184814
6,0.25,-1,16,0.30751106683141105
7,0.25,-1,16,0.34875942880062344
8,0.25,-1,16,0.39633055090039904
9,0.25,-1,16,0.438566739216175
10,0.25,-1,16,0.4706532163556097
11,0.25,-1,16,0.5017448453160525
12,0.25,-1,16,0.5434930241926723
1,0.25,-1,17,0.13460629400804477
2,0.25,-1,17,0.15587893302054426
3,0.25,-1,17,0.1640598453058031
4,0.25,-1,17,0.20645294013492574
5,0.25,-1,17,0.2540846290911144
6,0.25,-1,17,0.28476603393726496
7,0.25,-1,17,0.3182087763895092
8,0.25,-1,17,0.381682519638326
9,0.25,-1,17,0.4162123107726935
10,0.25,-1,17,0.47735698497913626
11,0.25,-1,17,0.5363144871531604
12,0.25,-1,17,0.564163814546106
1,0.25,-1,18,0.12206641782851692
2,0.25,-1,18,0.1420746113493762
3,0.25,-1,18,0.15689039263954796
4,0.25,-1,18,0.19897516036495597
5,0.25,-1,18,0.22839572723073384
6,0.25,-1,18,0.27135606533231366
7,0.25,-1,18,0.3255156986200361
8,0.25,-1,18,0.38112005351564154
9,0.25,-1,18,0.42725376761420675
10,0.25,-1,18,0.47004849625230455
11,0.25,-1,18,0.5188702562774206
12,0.25,-1,18,0.5564866650052672
1,0.25,-1,19,0.12885376667674767
2,0.25,-1,19,0.13573225339877948
3,0.25,-1,19,0.16945344311948096
4,0.25,-1,19,0.21914424427984813
5,0.25,-1,19,0.27843914144455284
6,0.25,-1,19,0.3182712043745669
7,0.25,-1,19,0.3604373482378353
8,0.25,-1,19,0.41128101673681966
9,0.25,-1,19,0.4567697500364764
10,0.25,-1,19,0.4973049633045659
11,0.25,-1,19,0.5294979221935071
12,0.25,-1,19,0.559919236860216
1,0.25,-1,20,0.11911804499080739
2,0.25,-1,20,0.15103776721748083
3,0.25,-1,20,0.19181085041163365
4,0.25,-1,20,0.2374122286641291
5,0.25,-1,20,0.2768316689632059
6,0.25,-1,20,0.32652924638198955
7,0.25,-1,20,0.37171088436794
8,0.25,-1,20,0.4392414274205153
9,0.25,-1,20,0.4708971886947038
10,0.25,-1,20,0.48651905886660135
11,0.25,-1,20,0.4989193077637124
12,0.25,-1,20,0.5295990207215362
1,0.25,-1,21,0.1083742638782113
2,0.25,-1,21,0.12939089445128338
3,0.25,-1,21,0.16537735967048048
4,0.25,-1,21,0.19648422181380504
5,0.25,-1,21,0.22968739203106103
6,0.25,-1,21,0.2633301972103695
7,0.25,-1,21,0.31139115963169695
8,0.25,-1,21,0.36572306665640736
9,0.25,-1,21,0.40736378991322114
10,0.25,-1,21,0.44840239894035283
11,0.25,-1,21,0.5129930728850752
12,0.25,-1,21,0.5315183737858916
1,0.25,-1,22,0.14565981007157378
2,0.25,-1,22,0.18305741424985777
3,0.25,-1,22,0.23624915820372872
4,0.25,-1,22,0.27549942182488546
5,0.25,-1,22,0.315110107584355
6,0.25,-1,22,0.36549304185829035
7,0.25,-1,22,0.4313627584256439
8,0.25,-1,22,0.48313505165827764
9,0.25,-1,22,0.5170142321524238
10,0.25,-1,22,0.5303684962500284
11,0.25,-1,22,0.5651175866745296
12,0.25,-1,22,0.5595045148920228
1,0.25,-1,23,0.11080957384037571
2,0.25,-1,23,0.1470004683526545
3,0.25,-1,23,0.17422630994049412
4,0.25,-1,23,0.22062130862379037
5,0.25,-1,23,0.2729672237823692
6,0.25,-1,23,0.31867119963933027
7,0.25,-1,23,0.37226421753827926
8,0.25,-1,23,0.42204149989887624
9,0.25,-1,23,0.4698904755269073
10,0.25,-1,23,0.5181347897145722
11,0.25,-1,23,0.5676587096363603
12,0.25,-1,23,0.5921456226896596
1,0.25,-1,24,0.12841563838120695
2,0.25,-1,24,0.16721868589404162
3,0.25,-1,24,0.20358430416322443
4,0.25,-1,24,0.252935865877969
5,0.25,-1,24,0.29369555173969514
6,0.25,-1,24,0.35709252017367
7,0.25,-1,24,0.40230027925370065
8,0.25,-1,24,0.4577834100138406
9,0.25,-1,24,0.487370126996428
10,0.25,-1,24,0.51621810102429
11,0.25,-1,24,0.5364151114938248
12,0.25,-1,24,0.5527790832622081
1,0.25,-1,25,0.11082875722839275
2,0.25,-1,25,0.12634912820776273
3,0.25,-1,25,0.14965294777389537
4,0.25,-1,25,0.17390685111416035
5,0.25,-1,25,0.2161006407213032
6,0.25,-1,25,0.24703562689476657
7,0.25,-1,25,0.28810368236636885
8,0.25,-1,25,0.3231111064876042
9,0.25,-1,25,0.38952847124270973
10,0.25,-1,25,0.41737391505776966
11,0.25,-1,25,0.46536196242655514
12,0.25,-1,25,0.5056276712469446
1,0.25,-1,26,0.13141140500631587
2,0.25,-1,26,0.15295909275234226
3,0.25,-1,26,0.2025445581517548
4,0.25,-1,26,0.2446113236256459
5,0.25,-1,26,0.27916442456881274
6,0.25,-1,26,0.31279453192524176
7,0.25,-1,26,0.3701396785184926
8,0.25,-1,26,0.41840594620010585
9,0.25,-1,26,0.4587465574047313
10,0.25,-1,26,0.4975056685624366
11,0.25,-1,26,0.5178215113539979
12,0.25,-1,26,0.5568039449807559
1,0.25,-1,27,0.10440390685108698
2,0.25,-1,27,0.13217522184881522
3,0.25,-1,27,0.1645927737659501
4,0.25,-1,27,0.1961775358945403
5,0.25,-1,27,0.22235752287082872
6,0.25,-1,27,0.2789530083826192
7,0.25,-1,27,0.3272187223120361
8,0.25,-1,27,0.3802369054949813
9,0.25,-1,27,0.42441073223373604
10,0.25,-1,27,0.4808710895213383
11,0.25,-1,27,0.5349427823470874
12,0.25,-1,27,0.5414779642676123
1,0.25,-1,28,0.10557442305623413
2,0.25,-1,28,0.14838240007290074
3,0.25,-1,28,0.17461736505984365
4,0.25,-1,28,0.23749658431736323
5,0.25,-1,28,0.28777651709398905
6,0.25,-1,28,0.3203416043428134
7,0.25,-1,28,0.36253658959666607
8,0.25,-1,28,0.41053335058484225
9,0.25,-1,28,0.46561186326056425
10,0.25,-1,28,0.4908226155626139
11,0.25,-1,28,0.5241324376328077
12,0.25,-1,28,0.5551716670623799
1,0.25,-1,29,0.11639844106252711
2,0.25,-1,29,0.14913357111663886
3,0.25,-1,29,0.1651425517618451
4,0.25,-1,29,0.19767726548941453
5,0.25,-1,29,0.22835915712169397
6,0.25,-1,29,0.2931557177903791
7,0.25,-1,29,0.3449329823708349
8,0.25,-1,29,0.39598995349817373
9,0.25,-1,29,0.4428703638577036
10,0.25,-1,29,0.47146182612514265
11,0.25,-1,29,0.5287737697568544
12,0.25,-1,29,0.5662066681399
1,0.05,3,0,0.03682117752256924
2,0.05,3,0,0.039439514189281585
3,0.05,3,0,0.05912722575674893
4,0.05,3,0,0.05181018167531273
5,0.05,3,0,0.05594702315427641
6,0.05,3,0,0.06999208306332882
7,0.05,3,0,0.08250252231254038
8,0.05,3,0,0.09947334516451241
9,0.05,3,0,0.14219878590517054
10,0.05,3,0,0.16136092156328796
11,0.05,3,0,0.195111753319103
12,0.05,3,0,0.24610683170601294
1,0.05,3,1,0.03444654453380259
2,0.05,3,1,0.04512892068789861
3,0.05,3,1,0.03882792444710304
4,0.05,3,1,0.060712506621627554
5,0.05,3,1,0.059827921691315095
6,0.05,3,1,0.08584685938560306
7,0.05,3,1,0.10017660434069169
8,0.05,3,1,0.11351869345902245
9,0.05,3,1,0.12282185878234679
10,0.05,3,1,0.12321037272539537
11,0.05,3,1,0.14532993887006088
12,0.05,3,1,0.17754114526714138
1,0.05,3,2,0.04898166203865062
2,0.05,3,2,0.045754515271164295
3,0.05,3,2,0.06097443499881253
4,0.05,3,2,0.08844715182029611
5,0.05,3,2,0.10968697854628617
6,0.05,3,2,0.12542213045419487
7,0.05,3,2,0.1359726013668966
8,0.05,3,2,0.17195299119294877
9,0.05,3,2,0.20434546608043744
10,0.05,3,2,0.25111209706826654
11,0.05,3,2,0.30387437419207103
12,0.05,3,2,0.3507574072443103
1,0.05,3,3,0.04055270531383882
2,0.05,3,3,0.022000763338689684
3,0.05,3,3,0.03663921585850008
4,0.05,3,3,0.05325233383577179
5,0.05,3,3,0.07583691772241505
6,0.05,3,3,0.09403813148603835
7,0.05,3,3,0.12699495171324546
8,0.05,3,3,0.14414298666352138
9,0.05,3,3,0.17761830927925248
10,0.05,3,3,0.21327961660729675
11,0.05,3,3,0.2625570640901853
12,0.05,3,3,0.29012993929963876
1,0.05,3,4,0.033127551022541855
2,0.05,3,4,0.04119671704465305
3,0.05,3,4,0.05272439793037566
4,0.05,3,4,0.07416131321486534
5,0.05,3,4,0.09531224828069015
6,0.05,3,4,0.13279017583498992
7,0.05,3,4,0.16328948293417253
8,0.05,3,4,0.22431484247206107
9,0.05,3,4,0.26716296767605807
10,0.05,3,4,0.3255007955253448
11,0.05,3,4,0.38411296255095495
12,0.05,3,4,0.4394405002126389
1,0.05,3,5,0.03328813573675053
2,0.05,3,5,0.04343303247301905
3,0.05,3,5,0.07148020771533445
4,0.05,3,5,0.09337528197073754
5,0.05,3,5,0.11022134232933181
6,0.05,3,5,0.1381562623578776
7,0.05,3,5,0.17734766906939245
8,0.05,3,5,0.21733897619119272
9,0.05,3,5,0.27207911226351406
10,0.05,3,5,0.3171027847668356
11,0.05,3,5,0.36709517421994564
12,0.05,3,5,0.4238976920869762
1,0.05,3,6,0.02264202224218492
2,0.05,3,6,0.04372222681162345
3,0.05,3,6,0.06623040270721119
4,0.05,3,6,0.07878250318165902
5,0.05,3,6,0.09324175350199575
6,0.05,3,6,0.1110110020032357
7,0.05,3,6,0.1593376382708216
8,0.05,3,6,0.19946818665543783
9,0.05,3,6,0.2373660756368902
10,0.05,3,6,0.2864764369498421
11,0.05,3,6,0.34335469320568507
12,0.05,3,6,0.41269902515512313
1,0.05,3,7,0.03629247298890835
2,0.05,3,7,0.04894407396961366
3,0.05,3,7,0.05955376006276874
4,0.05,3,7,0.05571128440649979
5,0.05,3,7,0.05510012651385147
6,0.05,3,7,0.07014139077391057
7,0.05,3,7,0.07050165596409956
8,0.05,3,7,0.08777879788568693
9,0.05,3,7,0.12269137933664445
10,0.05,3,7,0.1424101044594159
11,0.05,3,7,0.15122837519990123
12,0.05,3,7,0.18647392110542851
1,0.05,3,8,0.041681948447763115
2,0.05,3,8,0.05606414315232292
3,0.05,3,8,0.0509556232225503
4,0.05,3,8,0.0718185788215095
5,0.05,3,8,0.08588059370341601
6,0.05,3,8,0.11925210613154363
7,0.05,3,8,0.15049627646878946
8,0.05,3,8,0.17675315503183225
9,0.05,3,8,0.22242994165282762
10,0.05,3,8,0.25227724968269066
11,0.05,3,8,0.3124488813968307
12,0.05,3,8,0.3427844452345717
1,0.05,3,9,0.038691781087191505
2,0.05,3,9,0.048976726295378865
3,0.05,3,9,0.062361705355402114
4,0.05,3,9,0.05352723234874472
5,0.05,3,9,0.06922967392049499
6,0.05,3,9,0.10237283478185089
7,0.05,3,9,0.11719294330327626
8,0.05,3,9,0.14591876657996436
9,0.05,3,9,0.1964781267030381
10,0.05,3,9,0.22556168357229675
11,0.05,3,9,0.2721236311002921
12,0.05,3,9,0.3463598215149757
1,0.05,3,10,0.034271580320669785
2,0.05,3,10,0.027113852295612542
3,0.05,3,10,0.03719799841840826
4,0.05,3,10,0.04102669630810259
5,0.05,3,10,0.04814365786920024
6,0.05,3,10,0.06504766405421988
7,0.05,3,10,0.06906333308527732
8,0.05,3,10,0.08898500672710036
9,0.05,3,10,0.11788207382987485
10,0.05,3,10,0.12484798429326999
11,0.05,3,10,0.14599571093591868
12,0.05,3,10,0.17906674150332838
1,0.05,3,11,0.03458197445618525
2,0.05,3,11,0.041985989360845
3,0.05,3,11,0.06070079047943666
4,0.05,3,11,0.08027845045191388
5,0.05,3,11,0.09483174528078522
6,0.05,3,11,0.11775070817604094
7,0.05,3,11,0.15479586663277028
8,0.05,3,11,0.20436988780585785
9,0.05,3,11,0.25505055409114064
10,0.05,3,11,0.28571685858478196
11,0.05,3,11,0.3152596384558856
12,0.05,3,11,0.36823470448084583
1,0.05,3,12,0.030007392185822733
2,0.05,3,12,0.019266095586000974
3,0.05,3,12,0.051850216516670794
4,0.05,3,12,0.06186809846395659
5,0.05,3,12,0.0847694832334004
6,0.05,3,12,0.11145450638622331
7,0.05,3,12,0.1490589985658115
8,0.05,3,12,0.1690635525149363
9,0.05,3,12,0.19339012745234682
10,0.05,3,12,0.2241250242367569
11,0.05,3,12,0.2528200906657645
12,0.05,3,12,0.3016218888269212
1,0.05,3,13,0.04298337591764188
2,0.05,3,13,0.0375405908073105
3,0.05,3,13,0.06227469584843367
4,0.05,3,13,0.0784912654551403
5,0.05,3,13,0.10779762967847718
6,0.05,3,13,0.13909181017079564
7,0.05,3,13,0.18392658598236244
8,0.05,3,13,0.21511420858608726
9,0.05,3,13,0.24916535127945996
10,0.05,3,13,0.2863552325279519
11,0.05,3,13,0.33573400279782334
12,0.05,3,13,0.3964369683915383
1,0.05,3,14,0.020230873966112128
2,0.05,3,14,0.02557325313680157
3,0.05,3,14,0.04427236131812386
4,0.05,3,14,0.048778910535471454
5,0.05,3,14,0.07273063683214581
6,0.05,3,14,0.08669151320991157
7,0.05,3,14,0.12143928170317451
8,0.05,3,14,0.1402773485396931
9,0.05,3,14,0.18617915870627152
10,0.05,3,14,0.22864747574285366
11,0.05,3,14,0.2795373846283201
12,0.05,3,14,0.33324751852773293
1,0.05,3,15,0.05534469399344835
2,0.05,3,15,0.06787142399139423
3,0.05,3,15,0.08309984518366699
4,0.05,3,15,0.09999115838587046
5,0.05,3,15,0.12060653002497772
6,0.05,3,15,0.126375985888371
7,0.05,3,15,0.16499007048456177
8,0.05,3,15,0.19444546883271793
9,0.05,3,15,0.22472841620220355
10,0.05,3,15,0.2788256267247077
11,0.05,3,15,0.33853362403244075
12,0.05,3,15,0.39359299171051454
1,0.05,3,16,0.04570696590408375
2,0.05,3,16,0.05055016519274601
3,0.05,3,16,0.06960986180398845
4,0.05,3,16,0.09562714217614891
5,0.05,3,16,0.10943336017965087
6,0.05,3,16,0.13311287137733524
7,0.05,3,16,0.1788546220794926
8,0.05,3,16,0.21120864753263696
9,0.05,3,16,0.24911937388134162
10,0.05,3,16,0.3016786685033819
11,0.05,3,16,0.35843574413638135
12,0.05,3,16,0.4101596994675848
1,0.05,3,17,0.016778385705141632
2,0.05,3,17,0.0
3,0.05,3,17,0.0074287316748956065
4,0.05,3,17,0.01657016377756615
5,0.05,3,17,0.0031784418228668725
6,0.05,3,17,0.006630637039723561
7,0.05,3,17,0.006600983569244624
8,0.05,3,17,0.003543853629820094
9,0.05,3,17,0.0036967199121758485
10,0.05,3,17,0.013664390649105903
11,0.05,3,17,0.013965266507760768
12,0.05,3,17,0.010423227130429667
1,0.05,3,18,0.049393801115680605
2,0.05,3,18,0.05376768218413573
3,0.05,3,18,0.0655207209719163
4,0.05,3,18,0.08295240598546386
5,0.05,3,18,0.13222798557281792
6,0.05,3,18,0.16484928283385844
7,0.05,3,18,0.19966437770939854
8,0.05,3,18,0.22389697444379902
9,0.05,3,18,0.2786503079068319
10,0.05,3,18,0.31286341642509924
11,0.05,3,18,0.3807868433998066
12,0.05,3,18,0.44272054164390634
1,0.05,3,19,0.026654946722772747
2,0.05,3,19,0.016342050530345077
3,0.05,3,19,0.005603477693214792
4,0.05,3,19,0.003184462425751338
5,0.05,3,19,0.0056810394382063485
6,0.05,3,19,0.010570401638804195
7,0.05,3,19,0.006683300907436491
8,0.05,3,19,0.0
9,0.05,3,19,0.004750784199061982
10,0.05,3,19,0.01434460603128999
11,0.05,3,19,0.020922684336625596
12,0.05,3,19,0.044395985181290086
1,0.05,3,20,0.04661011479696427
2,0.05,3,20,0.06368234424814807
3,0.05,3,20,0.0689411150716831
4,0.05,3,20,0.07772600877841362
5,0.05,3,20,0.10389306975654945
6,0.05,3,20,0.12844239536666238
7,0.05,3,20,0.14613597449268487
8,0.05,3,20,0.1845679048181309
9,0.05,3,20,0.21150495529913604
10,0.05,3,20,0.23789299591700097
11,0.05,3,20,0.2837213187592867
12,0.05,3,20,0.3286606835863207
1,0.05,3,21,0.04110630465543576
2,0.05,3,21,0.027737721833975684
3,0.05,3,21,0.03674952392589301
4,0.05,3,21,0.044939962034912566
5,0.05,3,21,0.06284363572505915
6,0.05,3,21,0.07763032282716624
7,0.05,3,21,0.09695612064630497
8,0.05,3,21,0.12654024759902324
9,0.05,3,21,0.14296680564039044
10,0.05,3,21,0.18172879181117385
11,0.05,3,21,0.22162832793642204
12,0.05,3,21,0.26684112779107483
1,0.05,3,22,0.05843719676530208
2,0.05,3,22,0.056597784885604865
3,0.05,3,22,0.06660255749039508
4,0.05,3,22,0.10058613673779174
5,0.05,3,22,0.12613785133793018
6,0.05,3,22,0.15822034261661483
7,0.05,3,22,0.1813585286811672
8,0.05,3,22,0.23316324767941016
9,0.05,3,22,0.2842185111908583
10,0.05,3,22,0.34671941355100955
11,0.05,3,22,0.4024009745065711
12,0.05,3,22,0.46677345957197647
1,0.05,3,23,0.051315958232556795
2,0.05,3,23,0.06124650605279611
3,0.05,3,23,0.09232265402976525
4,0.05,3,23,0.10991680881196467
5,0.05,3,23,0.13215822918295278
6,0.05,3,23,0.16297563997045242
7,0.05,3,23,0.19302977601190235
8,0.05,3,23,0.22795052766859983
9,0.05,3,23,0.26270386884024216
10,0.05,3,23,0.3058221981336872
11,0.05,3,23,0.35853008007217413
12,0.05,3,23,0.41519398094494403
1,0.05,3,24,0.046129945880191134
2,0.05,3,24,0.06226597625734136
3,0.05,3,24,0.06708187626526048
4,0.05,3,24,0.07724484469032966
5,0.05,3,24,0.09941834602309771
6,0.05,3,24,0.11376556893079082
7,0.05,3,24,0.12525269260714683
8,0.05,3,24,0.15609412090653396
9,0.05,3,24,0.1762526046410638
10,0.05,3,24,0.20702931158265744
11,0.05,3,24,0.25364001107700207
12,0.05,3,24,0.3015511420479452
1,0.05,3,25,0.03608585472030709
2,0.05,3,25,0.030407121257979564
3,0.05,3,25,0.04420183080081996
4,0.05,3,25,0.06521783684092552
5,0.05,3,25,0.0721937625331088
6,0.05,3,25,0.09483119993654934
7,0.05,3,25,0.12947925381888076
8,0.05,3,25,0.15650467508161175
9,0.05,3,25,0.1941591830684224
10,0.05,3,25,0.227712497503582
11,0.05,3,25,0.2886009358195775
12,0.05,3,25,0.34573753263906104
1,0.05,3,26,0.03165264521005205
2,0.05,3,26,0.03437062375301236
3,0.05,3,26,0.023700587680423536
4,0.05,3,26,0.02562258956366666
5,0.05,3,26,0.04460401143212751
6,0.05,3,26,0.05435257512101379
7,0.05,3,26,0.04685244167785091
8,0.05,3,26,0.046186444574792505
9,0.05,3,26,0.04750212428018262
10,0.05,3,26,0.06790569877805289
11,0.05,3,26,0.07491076724352622
12,0.05,3,26,0.07947897512328674
1,0.05,3,27,0.044965903365026164
2,0.05,3,27,0.033996044816070464
3,0.05,3,27,0.028530564140258258
4,0.05,3,27,0.04344869650131544
5,0.05,3,27,0.06289988380668399
6,0.05,3,27,0.08211346673920313
7,0.05,3,27,0.09219069254430673
8,0.05,3,27,0.10349418404290485
9,0.05,3,27,0.12615854036559251
10,0.05,3,27,0.14386441541452374
11,0.05,3,27,0.16672513719533139
12,0.05,3,27,0.18439646429064482
1,0.05,3,28,0.03357403346089149
2,0.05,3,28,0.0540132329037126
3,0.05,3,28,0.06416913679155536
4,0.05,3,28,0.08331084583565525
5,0.05,3,28,0.09205004575410679
6,0.05,3,28,0.09518980904214906
7,0.05,3,28,0.11546506859484451
8,0.05,3,28,0.1453769557781141
9,0.05,3,28,0.17145614773398984
10,0.05,3,28,0.19833265701613167
11,0.05,3,28,0.2445909676631275
12,0.05,3,28,0.27984667329510027
1,0.05,3,29,0.054376792589451814
2,0.05,3,29,0.037265776189655264
3,0.05,3,29,0.045132313393546314
4,0.05,3,29,0.05863786731174698
5,0.05,3,29,0.08709927640789095
6,0.05,3,29,0.09361881182880129
7,0.05,3,29,0.10574218857708435
8,0.05,3,29,0.13394865264804895
9,0.05,3,29,0.16798636007243287
10,0.05,3,29,0.22133881476523634
11,0.05,3,29,0.2643768247236749
12,0.05,3,29,0.3272630118496527
1,0.15,3,0,0.0715300309665161
2,0.15,3,0,0.08922224528894111
3,0.15,3,0,0.13644390684400545
4,0.15,3,0,0.16437629539390766
5,0.15,3,0,0.199230603980786
6,0.15,3,0,0.25747981843068957
7,0.15,3,0,0.3028418176971837
8,0.15,3,0,0.3628577076799806
9,0.15,3,0,0.44831897969509327
10,0.15,3,0,0.5432567382659234
11,0.15,3,0,0.6147467709873246
12,0.15,3,0,0.709652873579942
1,0.15,3,1,0.07703849265689645
2,0.15,3,1,0.08239593602545721
3,0.15,3,1,0.09774861775277684
4,0.15,3,1,0.11735838078174292
5,0.15,3,1,0.15492686420365964
6,0.15,3,1,0.19472376704650726
7,0.15,3,1,0.2515444121405236
8,0.15,3,1,0.32883490998565684
9,0.15,3,1,0.39094996212045874
10,0.15,3,1,0.4736778271183467
11,0.15,3,1,0.5514462865418966
12,0.15,3,1,0.6240489846160413
1,0.15,3,2,0.08315101566399455
2,0.15,3,2,0.09464631956798142
3,0.15,3,2,0.11833561947758238
4,0.15,3,2,0.14646043493568436
5,0.15,3,2,0.1727709788326526
6,0.15,3,2,0.22041896381482928
7,0.15,3,2,0.2586877061435748
8,0.15,3,2,0.31337625140322567
9,0.15,3,2,0.40084289211941987
10,0.15,3,2,0.4786346279850587
11,0.15,3,2,0.5481256122261235
12,0.15,3,2,0.624021447775441
1,0.15,3,3,0.08257448218186876
2,0.15,3,3,0.10208008890426915
3,0.15,3,3,0.13636858568357693
4,0.15,3,3,0.18934282505916009
5,0.15,3,3,0.25571073737463984
6,0.15,3,3,0.3071952130656374
7,0.15,3,3,0.3893981100988916
8,0.15,3,3,0.4587885319793769
9,0.15,3,3,0.5525542039415905
10,0.15,3,3,0.6191052865909606
11,0.15,3,3,0.6865419464200787
12,0.15,3,3,0.7560518621979696
1,0.15,3,4,0.07371748083766536
2,0.15,3,4,0.09172998678531598
3,0.15,3,4,0.13147583192200807
4,0.15,3,4,0.1793237156663612
5,0.15,3,4,0.20901147135398454
6,0.15,3,4,0.2657771665715836
7,0.15,3,4,0.33763773525910856
8,0.15,3,4,0.42403273603248665
9,0.15,3,4,0.5137663099507499
10,0.15,3,4,0.5975973488946341
11,0.15,3,4,0.6752592333079421
12,0.15,3,4,0.7486744030397019
1,0.15,3,5,0.06190644247374317
2,0.15,3,5,0.07778001272937628
3,0.15,3,5,0.10822556367673017
4,0.15,3,5,0.1476405768341584
5,0.15,3,5,0.2006889684179094
6,0.15,3,5,0.2630238579950261
7,0.15,3,5,0.33934085007910236
8,0.15,3,5,0.422919466035392
9,0.15,3,5,0.49846244536165046
10,0.15,3,5,0.5820952001850491
11,0.15,3,5,0.6525988323974742
12,0.15,3,5,0.72330792994609
1,0.15,3,6,0.0700376216433895
2,0.15,3,6,0.08102526727951331
3,0.15,3,6,0.10073722021070529
4,0.15,3,6,0.14307724235800873
5,0.15,3,6,0.1903698153747695
6,0.15,3,6,0.24699470146891025
7,0.15,3,6,0.3179810530030094
8,0.15,3,6,0.38758702384645694
9,0.15,3,6,0.4859349572331092
10,0.15,3,6,0.5748830257859103
11,0.15,3,6,0.6457424178408823
12,0.15,3,6,0.7058360907814307
1,0.15,3,7,0.08187439855039791
2,0.15,3,7,0.0891428504108095
3,0.15,3,7,0.1146378991255155
4,0.15,3,7,0.15961304983033478
5,0.15,3,7,0.22617035817512338
6,0.15,3,7,0.2893863696608747
7,0.15,3,7,0.36128460889521263
8,0.15,3,7,0.46040500069325524
9,0.15,3,7,0.5492589137839785
10,0.15,3,7,0.6159214631756975
11,0.15,3,7,0.7002702645399693
12,0.15,3,7,0.7383620492370008
1,0.15,3,8,0.09452431346713286
2,0.15,3,8,0.09995502516063035
3,0.15,3,8,0.13297314901502663
4,0.15,3,8,0.17013612212714085
5,0.15,3,8,0.21258595175854034
6,0.15,3,8,0.295397091755516
7,0.15,3,8,0.3776621665086515
8,0.15,3,8,0.4425603364967581
9,0.15,3,8,0.5239485714747621
10,0.15,3,8,0.6045742928495967
11,0.15,3,8,0.6644097202115447
12,0.15,3,8,0.7324057468297621
1,0.15,3,9,0.0715226280047049
2,0.15,3,9,0.06943501786659532
3,0.15,3,9,0.07976966884067237
4,0.15,3,9,0.1126066125128282
5,0.15,3,9,0.13997540072872888
6,0.15,3,9,0.1842552025735303
7,0.15,3,9,0.23990589451607786
8,0.15,3,9,0.315476663675823
9,0.15,3,9,0.37397266831590964
10,0.15,3,9,0.4607099456118621
11,0.15,3,9,0.5332701521203939
12,0.15,3,9,0.620072402519712
1,0.15,3,10,0.07915835962909823
2,0.15,3,10,0.09980433880366547
3,0.15,3,10,0.11817284265826655
4,0.15,3,10,0.1534317456193521
5,0.15,3,10,0.19802312118714374
6,0.15,3,10,0.25447843763052774
7,0.15,3,10,0.3168091048223895
8,0.15,3,10,0.3907256584484781
9,0.15,3,10,0.47444606687396446
10,0.15,3,10,0.538970855485714
11,0.15,3,10,0.6218172211675844
12,0.15,3,10,0.688616179187084
1,0.15,3,11,0.06440937683754265
2,0.15,3,11,0.08088604435506404
3,0.15,3,11,0.11506650068640585
4,0.15,3,11,0.15008200824449036
5,0.15,3,11,0.19650076169482658
6,0.15,3,11,0.2580665806486733
7,0.15,3,11,0.33436981875879823
8,0.15,3,11,0.4266271827642127
9,0.15,3,11,0.5161879344367954
10,0.15,3,11,0.5911902962638765
11,0.15,3,11,0.6687033243657138
12,0.15,3,11,0.7101172513663648
1,0.15,3,12,0.08075426561318505
2,0.15,3,12,0.08943096486596898
3,0.15,3,12,0.11636490139134076
4,0.15,3,12,0.15705577499042594
5,0.15,3,12,0.21423558189861752
6,0.15,3,12,0.28411393500134374
7,0.15,3,12,0.34884791345134575
8,0.15,3,12,0.41898076675038837
9,0.15,3,12,0.4778110266217899
10,0.15,3,12,0.5507469838492159
11,0.15,3,12,0.644760596126388
12,0.15,3,12,0.7170125627514026
1,0.15,3,13,0.09481075308454838
2,0.15,3,13,0.10702379114572591
3,0.15,3,13,0.1413241985848638
4,0.15,3,13,0.19849589679137575
5,0.15,3,13,0.22518204578984222
6,0.15,3,13,0.2762416898114344
7,0.15,3,13,0.34346997995048245
8,0.15,3,13,0.4353213337543551
9,0.15,3,13,0.5202697022445276
10,0.15,3,13,0.5986916205256029
11,0.15,3,13,0.6676506805585661
12,0.15,3,13,0.7304481044813129
1,0.15,3,14,0.07118713754222857
2,0.15,3,14,0.07609694928887312
3,0.15,3,14,0.09979015078208257
4,0.15,3,14,0.13564953160084955
5,0.15,3,14,0.2002617794589955
6,0.15,3,14,0.26134445366097186
7,0.15,3,14,0.32889897942966145
8,0.15,3,14,0.39929784979255106
9,0.15,3,14,0.49032782415592785
10,0.15,3,14,0.568391555405354
11,0.15,3,14,0.6450491302159966
12,0.15,3,14,0.698436345677697
1,0.15,3,15,0.05960883115234401
2,0.15,3,15,0.07355932780817806
3,0.15,3,15,0.09184981238428065
4,0.15,3,15,0.11204307365130813
5,0.15,3,15,0.16012465722929115
6,0.15,3,15,0.2286462238868099
7,0.15,3,15,0.31526994557041976
8,0.15,3,15,0.39431048452583134
9,0.15,3,15,0.4648907753109735
10,0.15,3,15,0.5641364065062473
11,0.15,3,15,0.6409280164117878
12,0.15,3,15,0.7037530373292543
1,0.15,3,16,0.08593312758458653
2,0.15,3,16,0.09127976386093296
3,0.15,3,16,0.12487541079754277
4,0.15,3,16,0.15903648818653346
5,0.15,3,16,0.20359945600111037
6,0.15,3,16,0.24660136212896924
7,0.15,3,16,0.3061472828448469
8,0.15,3,16,0.37632454200469573
9,0.15,3,16,0.4629925801345421
10,0.15,3,16,0.5620202496930554
11,0.15,3,16,0.6404037450325418
12,0.15,3,16,0.7128493732062563
1,0.15,3,17,0.07654116876810482
2,0.15,3,17,0.08494277137583411
3,0.15,3,17,0.12650182552810302
4,0.15,3,17,0.1566490641241872
5,0.15,3,17,0.19858813370564807
6,0.15,3,17,0.257994835668978
7,0.15,3,17,0.31797142085385816
8,0.15,3,17,0.4188694889548899
9,0.15,3,17,0.5006942672920413
10,0.15,3,17,0.5631794876570556
11,0.15,3,17,0.6376164627872756
12,0.15,3,17,0.7212011554700835
1,0.15,3,18,0.08230388244040794
2,0.15,3,18,0.11499986629814843
3,0.15,3,18,0.1557351278086342
4,0.15,3,18,0.20199484249466781
5,0.15,3,18,0.2543903275109961
6,0.15,3,18,0.32019500302217885
7,0.15,3,18,0.392408816181115
8,0.15,3,18,0.46943514168954337
9,0.15,3,18,0.5547850613576906
10,0.15,3,18,0.6568693380888724
11,0.15,3,18,0.7305401688530742
12,0.15,3,18,0.7748830127217654
1,0.15,3,19,0.08472880536588562
2,0.15,3,19,0.1045176447741928
3,0.15,3,19,0.14474564681137891
4,0.15,3,19,0.17959977214022346
5,0.15,3,19,0.2251664191478316
6,0.15,3,19,0.28243026250969466
7,0.15,3,19,0.3449321699217177
8,0.15,3,19,0.4252968636152513
9,0.15,3,19,0.5104173864423945
10,0.15,3,19,0.6034589832659872
11,0.15,3,19,0.6672597369627262
12,0.15,3,19,0.7496775877650895
1,0.15,3,20,0.06716120045860141
2,0.15,3,20,0.0808837283151041
3,0.15,3,20,0.08773178279343971
4,0.15,3,20,0.11332447370063997
5,0.15,3,20,0.16858328930891464
6,0.15,3,20,0.21898208037354377
7,0.15,3,20,0.2809176269151008
8,0.15,3,20,0.3619688228319958
9,0.15,3,20,0.45662744785965326
10,0.15,3,20,0.5434010339708707
11,0.15,3,20,0.628316760267345
12,0.15,3,20,0.6873952465182364
1,0.15,3,21,0.08274455807502319
2,0.15,3,21,0.08948948559643144
3,0.15,3,21,0.11579881413615216
4,0.15,3,21,0.13265884315610002
5,0.15,3,21,0.1707450877229899
6,0.15,3,21,0.21718235725184118
7,0.15,3,21,0.27423893031547647
8,0.15,3,21,0.3398267786160008
9,0.15,3,21,0.4161599262455687
10,0.15,3,21,0.47852903517797596
11,0.15,3,21,0.5412098344560041
12,0.15,3,21,0.6365398741983478
1,0.15,3,22,0.07810578302990555
2,0.15,3,22,0.1008606879775121
3,0.15,3,22,0.15021976580299623
4,0.15,3,22,0.18256956014266584
5,0.15,3,22,0.2466347332962343
6,0.15,3,22,0.29406677139288717
7,0.15,3,22,0.3722641031116973
8,0.15,3,22,0.44225051410184857
9,0.15,3,22,0.5279796098257812
10,0.15,3,22,0.6118959217207482
11,0.15,3,22,0.6792914837411121
12,0.15,3,22,0.7511621685377314
1,0.15,3,23,0.07550990152715001
2,0.15,3,23,0.09103303800457904
3,0.15,3,23,0.1478350618301708
4,0.15,3,23,0.19292739429157993
5,0.15,3,23,0.24958179762202728
6,0.15,3,23,0.33008711278535374
7,0.15,3,23,0.4062317626346818
8,0.15,3,23,0.4785155241685529
9,0.15,3,23,0.5499063886575529
10,0.15,3,23,0.6253432704905255
11,0.15,3,23,0.7037303051060922
12,0.15,3,23,0.7730337690346869
1,0.15,3,24,0.07754016045734792
2,0.15,3,24,0.08118489392523137
3,0.15,3,24,0.09538109228667555
4,0.15,3,24,0.14938984419071102
5,0.15,3,24,0.2013963135657936
6,0.15,3,24,0.2670630483680387
7,0.15,3,24,0.3432761051230088
8,0.15,3,24,0.41703504151183457
9,0.15,3,24,0.4856048976458077
10,0.15,3,24,0.5741877624947289
11,0.15,3,24,0.6407067751684197
12,0.15,3,24,0.7094229380028563
1,0.15,3,25,0.08553219117346826
2,0.15,3,25,0.1190800124039889
3,0.15,3,25,0.15660783730967973
4,0.15,3,25,0.20319610295298857
5,0.15,3,25,0.27265984847093566
6,0.15,3,25,0.34123291097894576
7,0.15,3,25,0.410402434817825
8,0.15,3,25,0.49638656241731527
9,0.15,3,25,0.5660607230972964
10,0.15,3,25,0.6468349912566056
11,0.15,3,25,0.7066333955415727
12,0.15,3,25,0.7511413548973577
1,0.15,3,26,0.07550791775432357
2,0.15,3,26,0.10602489177314872
3,0.15,3,26,0.1471074572672893
4,0.15,3,26,0.19885232064153416
5,0.15,3,26,0.2645352246083929
6,0.15,3,26,0.30274865215643043
7,0.15,3,26,0.37866727386307897
8,0.15,3,26,0.4487900031212602
9,0.15,3,26,0.537386551236746
10,0.15,3,26,0.6210841551529537
11,0.15,3,26,0.6869111683083391
12,0.15,3,26,0.7350772536938835
1,0.15,3,27,0.07267294888033146
2,0.15,3,27,0.09498388999070674
3,0.15,3,27,0.12230833066907018
4,0.15,3,27,0.17000923562178633
5,0.15,3,27,0.22167187575976527
6,0.15,3,27,0.26933167016367004
7,0.15,3,27,0.3462580284875439
8,0.15,3,27,0.4342158063996363
9,0.15,3,27,0.4979780300405611
10,0.15,3,27,0.587519540848202
11,0.15,3,27,0.6610530506163272
12,0.15,3,27,0.7366776171165308
1,0.15,3,28,0.07386584651633173
2,0.15,3,28,0.07417182235688857
3,0.15,3,28,0.08559654451931516
4,0.15,3,28,0.11092124340690941
5,0.15,3,28,0.13589024765568652
6,0.15,3,28,0.18992990454475125
7,0.15,3,28,0.25516270048397155
8,0.15,3,28,0.3228405454209722
9,0.15,3,28,0.39978370234391614
10,0.15,3,28,0.49404783196488966
11,0.15,3,28,0.5614364978716923
12,0.15,3,28,0.6320501285301968
1,0.15,3,29,0.079064278646005
2,0.15,3,29,0.07866536067027766
3,0.15,3,29,0.11446428931216043
4,0.15,3,29,0.14552009294430895
5,0.15,3,29,0.19431567922284687
6,0.15,3,29,0.24187106850203863
7,0.15,3,29,0.3120937848764535
8,0.15,3,29,0.39487189232718706
9,0.15,3,29,0.48900121862714413
10,0.15,3,29,0.5833995382304809
11,0.15,3,29,0.6530184710825779
12,0.15,3,29,0.7160047405534304
1,0.25,3,0,0.126633256571255
2,0.25,3,0,0.150337202780863
3,0.25,3,0,0.20659024229089934
4,0.25,3,0,0.2768101530585142
5,0.25,3,0,0.35834325658481536
6,0.25,3,0,0.46304592808719147
7,0.25,3,0,0.5700719113011723
8,0.25,3,0,0.6631467787778469
9,0.25,3,0,0.7510516735519032
10,0.25,3,0,0.8029306301339768
11,0.25,3,0,0.8375687433774132
12,0.25,3,0,0.8665861578273673
1,0.25,3,1,0.08258471820708266
2,0.25,3,1,0.10311625717273655
3,0.25,3,1,0.14932721046511327
4,0.25,3,1,0.20894182735279554
5,0.25,3,1,0.26983729822907576
6,0.25,3,1,0.356452578256118
7,0.25,3,1,0.4707216299908618
8,0.25,3,1,0.599600389712701
9,0.25,3,1,0.7033639540885417
10,0.25,3,1,0.7923771731410505
11,0.25,3,1,0.8386055855829815
12,0.25,3,1,0.8575265964348159
1,0.25,3,2,0.1145791810727506
2,0.25,3,2,0.13581763765923968
3,0.25,3,2,0.18220370851865303
4,0.25,3,2,0.2378226069893354
5,0.25,3,2,0.3196018778012472
6,0.25,3,2,0.3852174219863056
7,0.25,3,2,0.49311744999796425
8,0.25,3,2,0.601481105054074
9,0.25,3,2,0.7024314088522151
10,0.25,3,2,0.7822904487689404
11,0.25,3,2,0.8412546057521474
12,0.25,3,2,0.8482158012331583
1,0.25,3,3,0.11779093474707984
2,0.25,3,3,0.14010176502915805
3,0.25,3,3,0.20541611889213365
4,0.25,3,3,0.27808716985924664
5,0.25,3,3,0.3550385880569233
6,0.25,3,3,0.44082559777182356
7,0.25,3,3,0.5356131134603025
8,0.25,3,3,0.6402453079186604
9,0.25,3,3,0.7231795144779234
10,0.25,3,3,0.7711930102004744
11,0.25,3,3,0.8163004479261453
12,0.25,3,3,0.8414340693334906
1,0.25,3,4,0.12876209672238687
2,0.25,3,4,0.15653172187089673
3,0.25,3,4,0.22244013249071673
4,0.25,3,4,0.2887418820911835
5,0.25,3,4,0.3802435828629788
6,0.25,3,4,0.49474261777091016
7,0.25,3,4,0.6046637765671328
8,0.25,3,4,0.6737024037104868
9,0.25,3,4,0.7635800458398686
10,0.25,3,4,0.813576942646302
11,0.25,3,4,0.8476766087784016
12,0.25,3,4,0.8653066026798668
1,0.25,3,5,0.1381198016021551
2,0.25,3,5,0.17140641983792154
3,0.25,3,5,0.2350859234475165
4,0.25,3,5,0.3143602734785873
5,0.25,3,5,0.416902909506036
6,0.25,3,5,0.5227743483292455
7,0.25,3,5,0.6238858777240265
8,0.25,3,5,0.7135299107150803
9,0.25,3,5,0.7824703736687807
10,0.25,3,5,0.8451858606007283
11,0.25,3,5,0.8812040944318809
12,0.25,3,5,0.8885250533264805
1,0.25,3,6,0.12167033780533391
2,0.25,3,6,0.16121791006102518
3,0.25,3,6,0.22668007972807527
4,0.25,3,6,0.2840872712689118
5,0.25,3,6,0.3866341564049378
6,0.25,3,6,0.4941236584061276
7,0.25,3,6,0.5880477845933842
8,0.25,3,6,0.6780030812279896
9,0.25,3,6,0.7555564551700484
10,0.25,3,6,0.8042243029811763
11,0.25,3,6,0.8476661856516414
12,0.25,3,6,0.8659110613561136
1,0.25,3,7,0.13334119861356084
2,0.25,3,7,0.16105314483465094
3,0.25,3,7,0.232513938048832
4,0.25,3,7,0.3281559712614014
5,0.25,3,7,0.41672960031932066
6,0.25,3,7,0.5410061403971984
7,0.25,3,7,0.6340069380312999
8,0.25,3,7,0.7227342410980618
9,0.25,3,7,0.7846000325801211
10,0.25,3,7,0.8402507433804782
11,0.25,3,7,0.8542092821177876
12,0.25,3,7,0.8929664013922423
1,0.25,3,8,0.14370774764760555
2,0.25,3,8,0.1766828712852985
3,0.25,3,8,0.2511453702505568
4,0.25,3,8,0.34397927282489005
5,0.25,3,8,0.4571913688976946
6,0.25,3,8,0.5533283297308477
7,0.25,3,8,0.6506008306603464
8,0.25,3,8,0.7448169046819941
9,0.25,3,8,0.8154159462196944
10,0.25,3,8,0.8640463130677242
11,0.25,3,8,0.8917765620969749
12,0.25,3,8,0.8923793239129383
1,0.25,3,9,0.13267027780627716
2,0.25,3,9,0.18075199873823772
3,0.25,3,9,0.2752013392905678
4,0.25,3,9,0.38590218372841933
5,0.25,3,9,0.4946392452469299
6,0.25,3,9,0.6032984454080402
7,0.25,3,9,0.6909453398713702
8,0.25,3,9,0.7695650625907104
9,0.25,3,9,0.8190702336582524
10,0.25,3,9,0.8547719112973993
11,0.25,3,9,0.8669629508284663
12,0.25,3,9,0.8791990722280765
1,0.25,3,10,0.1188379086764861
2,0.25,3,10,0.15455312230484325
3,0.25,3,10,0.21671553269806107
4,0.25,3,10,0.29088512117265136
5,0.25,3,10,0.3835617874654201
6,0.25,3,10,0.48388334660788096
7,0.25,3,10,0.5885416102376757
8,0.25,3,10,0.6737018324322206
9,0.25,3,10,0.735491103171559
10,0.25,3,10,0.8063649752643247
11,0.25,3,10,0.8588661163538891
12,0.25,3,10,0.8801650962169401
1,0.25,3,11,0.1317954240592636
2,0.25,3,11,0.17289563822843598
3,0.25,3,11,0.24265623782387416
4,0.25,3,11,0.3107986197776157
5,0.25,3,11,0.4174994026615526
6,0.25,3,11,0.5288031888310499
7,0.25,3,11,0.6215611622236462
8,0.25,3,11,0.7220452810591866
9,0.25,3,11,0.7832976247604869
10,0.25,3,11,0.8301132352590824
11,0.25,3,11,0.8623094126681508
12,0.25,3,11,0.8794734407236761
1,0.25,3,12,0.1286202818909445
2,0.25,3,12,0.1563970080178655
3,0.25,3,12,0.19927233243105183
4,0.25,3,12,0.28245536005054106
5,0.25,3,12,0.3602753684168553
6,0.25,3,12,0.4468353328853789
7,0.25,3,12,0.5524690899273357
8,0.25,3,12,0.6517014900898288
9,0.25,3,12,0.7397026671834115
10,0.25,3,12,0.8115380468687158
11,0.25,3,12,0.8587959459942168
12,0.25,3,12,0.8863349830601385
1,0.25,3,13,0.11930774105756028
2,0.25,3,13,0.15966993624362913
3,0.25,3,13,0.22262301177529717
4,0.25,3,13,0.2983777769502003
5,0.25,3,13,0.3909535005192259
6,0.25,3,13,0.5001640002596381
7,0.25,3,13,0.6023736837235517
8,0.25,3,13,0.6909059728391502
9,0.25,3,13,0.7683171933630362
10,0.25,3,13,0.8219832540680844
11,0.25,3,13,0.8604514190980231
12,0.25,3,13,0.8595222014823205
1,0.25,3,14,0.10909398762260757
2,0.25,3,14,0.12400093859261599
3,0.25,3,14,0.1741219247041223
4,0.25,3,14,0.23500989590826385
5,0.25,3,14,0.3263743262966715
6,0.25,3,14,0.42263152641517165
7,0.25,3,14,0.527642918492862
8,0.25,3,14,0.6223210208414788
9,0.25,3,14,0.710489257103428
10,0.25,3,14,0.7853613795237129
11,0.25,3,14,0.8189111529702554
12,0.25,3,14,0.8498666881238649
1,0.25,3,15,0.11432802195109479
2,0.25,3,15,0.14861310677978104
3,0.25,3,15,0.21495805805620613
4,0.25,3,15,0.27890385403046725
5,0.25,3,15,0.37365703758288166
6,0.25,3,15,0.4687963059515422
7,0.25,3,15,0.5804485071896124
8,0.25,3,15,0.6689330329371058
9,0.25,3,15,0.7394716233300813
10,0.25,3,15,0.8146311541715806
11,0.25,3,15,0.8510901119975223
12,0.25,3,15,0.8811920167973147
1,0.25,3,16,0.09927677732562103
2,0.25,3,16,0.12980403971529217
3,0.25,3,16,0.18267916935325287
4,0.25,3,16,0.26208954252116545
5,0.25,3,16,0.3432547605086562
6,0.25,3,16,0.455982200420764
7,0.25,3,16,0.5662725827300041
8,0.25,3,16,0.6526186753791219
9,0.25,3,16,0.7325816346248426
10,0.25,3,16,0.7964897645180726
11,0.25,3,16,0.8182501787185293
12,0.25,3,16,0.8321774638937234
1,0.25,3,17,0.1074068580643083
2,0.25,3,17,0.12378412083223546
3,0.25,3,17,0.17852480113709082
4,0.25,3,17,0.26718354735800964
5,0.25,3,17,0.35562292680009105
6,0.25,3,17,0.45417581117047656
7,0.25,3,17,0.571044822210542
8,0.25,3,17,0.6636259322050339
9,0.25,3,17,0.7526454253098459
10,0.25,3,17,0.7972231106883538
11,0.25,3,17,0.8450075567655939
12,0.25,3,17,0.8686889251966694
1,0.25,3,18,0.119651092886007
2,0.25,3,18,0.133344210537734
3,0.25,3,18,0.18324127033479617
4,0.25,3,18,0.24185730823563845
5,0.25,3,18,0.3218381922358766
6,0.25,3,18,0.43464750383228234
7,0.25,3,18,0.5317567582955229
8,0.25,3,18,0.6280493109341374
9,0.25,3,18,0.7334540384419637
10,0.25,3,18,0.7909542632767748
11,0.25,3,18,0.8280522221331342
12,0.25,3,18,0.8733038901438516
1,0.25,3,19,0.1231954868075838
2,0.25,3,19,0.1411684902228761
3,0.25,3,19,0.20818798340923209
4,0.25,3,19,0.3093767589470099
5,0.25,3,19,0.4132009967238183
6,0.25,3,19,0.5285799320578629
7,0.25,3,19,0.6539747532260468
8,0.25,3,19,0.73958428158143
9,0.25,3,19,0.8001987418067233
10,0.25,3,19,0.8511760014496604
11,0.25,3,19,0.8521906136540108
12,0.25,3,19,0.8585098050211216
1,0.25,3,20,0.13729401436426245
2,0.25,3,20,0.16823352605754793
3,0.25,3,20,0.25273440457038404
4,0.25,3,20,0.3264723570418147
5,0.25,3,20,0.43314753575688314
6,0.25,3,20,0.5354781328760059
7,0.25,3,20,0.6364409580233097
8,0.25,3,20,0.7127538466400148
9,0.25,3,20,0.7959127348898151
10,0.25,3,20,0.8475488753747675
11,0.25,3,20,0.8707957972178351
12,0.25,3,20,0.8892106642023023
1,0.25,3,21,0.11323053589382498
2,0.25,3,21,0.14646050447616474
3,0.25,3,21,0.20345011128605192
4,0.25,3,21,0.2973711775212217
5,0.25,3,21,0.3857497344007255
6,0.25,3,21,0.48155306277809323
7,0.25,3,21,0.5780510115372829
8,0.25,3,21,0.666848109518981
9,0.25,3,21,0.7486011100898715
10,0.25,3,21,0.8078736069590097
11,0.25,3,21,0.8523525207744044
12,0.25,3,21,0.8723678636554028
1,0.25,3,22,0.11240245292060302
2,0.25,3,22,0.12684382024084936
3,0.25,3,22,0.1634125235412664
4,0.25,3,22,0.228099197914879
5,0.25,3,22,0.29476143454970555
6,0.25,3,22,0.3800369137214999
7,0.25,3,22,0.49684510554130507
8,0.25,3,22,0.6027159554347225
9,0.25,3,22,0.6947173970504941
10,0.25,3,22,0.7606255404010568
11,0.25,3,22,0.819392609263657
12,0.25,3,22,0.851637379248561
1,0.25,3,23,0.10558984925453761
2,0.25,3,23,0.11806103865194847
3,0.25,3,23,0.15821396146059274
4,0.25,3,23,0.20460239757475318
5,0.25,3,23,0.28668755701402876
6,0.25,3,23,0.3738546475474065
7,0.25,3,23,0.4825165268062963
8,0.25,3,23,0.5862760745881895
9,0.25,3,23,0.6736967535012892
10,0.25,3,23,0.7469646966635902
11,0.25,3,23,0.7976849905787111
12,0.25,3,23,0.8404431941359238
1,0.25,3,24,0.12494640547279155
2,0.25,3,24,0.145123215247237
3,0.25,3,24,0.20480362159918417
4,0.25,3,24,0.2930485697304017
5,0.25,3,24,0.3935496360809039
6,0.25,3,24,0.5067417248099115
7,0.25,3,24,0.6058019616842437
8,0.25,3,24,0.6921311969457602
9,0.25,3,24,0.7495865502544321
10,0.25,3,24,0.8008835636035369
11,0.25,3,24,0.8343970031826417
12,0.25,3,24,0.8629940677226171
1,0.25,3,25,0.10121350227377086
2,0.25,3,25,0.13344457473887233
3,0.25,3,25,0.1731156490387204
4,0.25,3,25,0.24353674566814462
5,0.25,3,25,0.3288685591519259
6,0.25,3,25,0.43393870437971693
7,0.25,3,25,0.5416054841958087
8,0.25,3,25,0.6494312788051766
9,0.25,3,25,0.7416432300541196
10,0.25,3,25,0.8195895055736175
11,0.25,3,25,0.8442565479579386
12,0.25,3,25,0.8658262373366199
1,0.25,3,26,0.11080901722399654
2,0.25,3,26,0.1174862522336875
3,0.25,3,26,0.17634621525856586
4,0.25,3,26,0.2459849307288579
5,0.25,3,26,0.34499854857154943
6,0.25,3,26,0.4498317337761342
7,0.25,3,26,0.5533681440248347
8,0.25,3,26,0.6538884097474807
9,0.25,3,26,0.7585340818138874
10,0.25,3,26,0.8139588442146752
11,0.25,3,26,0.859780992707224
12,0.25,3,26,0.8750938425367782
1,0.25,3,27,0.1294713098293197
2,0.25,3,27,0.14511054875635604
3,0.25,3,27,0.21189210700127106
4,0.25,3,27,0.27557764378788846
5,0.25,3,27,0.3659948079473813
6,0.25,3,27,0.46101651888407613
7,0.25,3,27,0.5604999988299335
8,0.25,3,27,0.6477832174944178
9,0.25,3,27,0.741631018755273
10,0.25,3,27,0.8120933374460928
11,0.25,3,27,0.8207036175964401
12,0.25,3,27,0.8498427963134504
1,0.25,3,28,0.10153515150360692
2,0.25,3,28,0.12341317804841329
3,0.25,3,28,0.17669853714904102
4,0.25,3,28,0.2644337009914357
5,0.25,3,28,0.3432391999973476
6,0.25,3,28,0.4390506882011102
7,0.25,3,28,0.5415929932383664
8,0.25,3,28,0.6359301744279784
9,0.25,3,28,0.7508933794847245
10,0.25,3,28,0.8123879940008246
11,0.25,3,28,0.8522153093506019
12,0.25,3,28,0.8611617971715059
1,0.25,3,29,0.11200998781834767
2,0.25,3,29,0.14984087364851056
3,0.25,3,29,0.20838759638691695
4,0.25,3,29,0.2872642221633827
5,0.25,3,29,0.3838877372534407
6,0.25,3,29,0.4887517689570737
7,0.25,3,29,0.6061200210527881
8,0.25,3,29,0.6864928563010892
9,0.25,3,29,0.7681063207162672
10,0.25,3,29,0.8264924810025814
11,0.25,3,29,0.848412912664942
12,0.25,3,29,0.8722828036876726
1,0.05,6,0,0.039752726524510194
2,0.05,6,0,0.03703115315464345
3,0.05,6,0,0.054624901067005224
4,0.05,6,0,0.0624076411891206
5,0.05,6,0,0.06501923166532657
6,0.05,6,0,0.07381762752844057
7,0.05,6,0,0.09169127353111718
8,0.05,6,0,0.09819463252541305
9,0.05,6,0,0.11442038416513801
10,0.05,6,0,0.135298376712032
11,0.05,6,0,0.17316662461305513
12,0.05,6,0,0.21388800749891052
1,0.05,6,1,0.03211210948987264
2,0.05,6,1,0.03860478022961271
3,0.05,6,1,0.055147143735399785
4,0.05,6,1,0.06758313669186802
5,0.05,6,1,0.06411923453465462
6,0.05,6,1,0.06455924777526995
7,0.05,6,1,0.07797332006067596
8,0.05,6,1,0.099665935015008
9,0.05,6,1,0.12802485190099486
10,0.05,6,1,0.1604460515922295
11,0.05,6,1,0.19511819962139063
12,0.05,6,1,0.24754177215662676
1,0.05,6,2,0.05128898697788459
2,0.05,6,2,0.038057836079132414
3,0.05,6,2,0.04763313285493392
4,0.05,6,2,0.07006308662671554
5,0.05,6,2,0.06919107640631526
6,0.05,6,2,0.07134614844828349
7,0.05,6,2,0.07940662032012598
8,0.05,6,2,0.09913775546919291
9,0.05,6,2,0.1102896068489378
10,0.05,6,2,0.13134310396749996
11,0.05,6,2,0.13975554312858285
12,0.05,6,2,0.17052941189744172
1,0.05,6,3,0.037082396750243544
2,0.05,6,3,0.047739671071767346
3,0.05,6,3,0.04287230576166757
4,0.05,6,3,0.05597422555502998
5,0.05,6,3,0.0674711438561543
6,0.05,6,3,0.08308910667722677
7,0.05,6,3,0.11042439182296401
8,0.05,6,3,0.14642050425255773
9,0.05,6,3,0.16550460018334237
10,0.05,6,3,0.19376035731911045
11,0.05,6,3,0.22629029911162257
12,0.05,6,3,0.2773675928496239
1,0.05,6,4,0.04546538357058768
2,0.05,6,4,0.040053399543166855
3,0.05,6,4,0.04704109040406887
4,0.05,6,4,0.06982799161705577
5,0.05,6,4,0.08539015494675818
6,0.05,6,4,0.10165042181144046
7,0.05,6,4,0.12337221174799151
8,0.05,6,4,0.148421458500145
9,0.05,6,4,0.2005285078134614
10,0.05,6,4,0.24649352012429215
11,0.05,6,4,0.3021397570430395
12,0.05,6,4,0.36954665255456687
1,0.05,6,5,0.048242075074614865
2,0.05,6,5,0.04888195317272815
3,0.05,6,5,0.05232346949468837
4,0.05,6,5,0.057890877759738196
5,0.05,6,5,0.050120222485155345
6,0.05,6,5,0.06709793469714538
7,0.05,6,5,0.07923637165778587
8,0.05,6,5,0.09958101376250039
9,0.05,6,5,0.11811452737666832
10,0.05,6,5,0.13719890982174424
11,0.05,6,5,0.18012047076470045
12,0.05,6,5,0.2211501679348388
1,0.05,6,6,0.029666106967249604
2,0.05,6,6,0.04570129537013576
3,0.05,6,6,0.03990335085546769
4,0.05,6,6,0.056580800087038086
5,0.05,6,6,0.06689402510384952
6,0.05,6,6,0.08654652192520393
7,0.05,6,6,0.10620181452222482
8,0.05,6,6,0.1359477143716879
9,0.05,6,6,0.16350130282433056
10,0.05,6,6,0.20395301620236347
11,0.05,6,6,0.23490985456411695
12,0.05,6,6,0.29477590068217535
1,0.05,6,7,0.026655589881806573
2,0.05,6,7,0.02462877364222703
3,0.05,6,7,0.018934027708947122
4,0.05,6,7,0.017359299299489386
5,0.05,6,7,0.026390956492265017
6,0.05,6,7,0.024471286245178803
7,0.05,6,7,0.03422053373760001
8,0.05,6,7,0.03703684034491254
9,0.05,6,7,0.042945390681739984
10,0.05,6,7,0.061991548884802815
11,0.05,6,7,0.06656990734151563
12,0.05,6,7,0.08101593252568091
1,0.05,6,8,0.027876407441641264
2,0.05,6,8,0.043056513833592894
3,0.05,6,8,0.05022517812909987
4,0.05,6,8,0.05901473284816634
5,0.05,6,8,0.060952177810777254
6,0.05,6,8,0.08565338337295339
7,0.05,6,8,0.10340528988188495
8,0.05,6,8,0.11773983234193444
9,0.05,6,8,0.1395596249295729
10,0.05,6,8,0.1654498841192894
11,0.05,6,8,0.21540772950578765
12,0.05,6,8,0.263745064770538
1,0.05,6,9,0.03535600012910266
2,0.05,6,9,0.05218669545643738
3,0.05,6,9,0.05185713619017288
4,0.05,6,9,0.052054707724049076
5,0.05,6,9,0.059934806412462543
6,0.05,6,9,0.06319814803563736
7,0.05,6,9,0.09209339578039696
8,0.05,6,9,0.10856425416337681
9,0.05,6,9,0.13099268199067382
10,0.05,6,9,0.15557859518591116
11,0.05,6,9,0.17735544093794414
12,0.05,6,9,0.2239729852233785
1,0.05,6,10,0.021755577024466243
2,0.05,6,10,0.01834848847519263
3,0.05,6,10,0.012801289921939466
4,0.05,6,10,0.016630651131603565
5,0.05,6,10,0.029319031290696566
6,0.05,6,10,0.034518573197447625
7,0.05,6,10,0.023806679617500954
8,0.05,6,10,0.03044538353622301
9,0.05,6,10,0.049204929430725824
10,0.05,6,10,0.047512827240129306
11,0.05,6,10,0.05563126126331798
12,0.05,6,10,0.06726860685669996
1,0.05,6,11,0.03175894749772576
2,0.05,6,11,0.03970427852964611
3,0.05,6,11,0.04628813233336149
4,0.05,6,11,0.04677612880391335
5,0.05,6,11,0.05587621953133094
6,0.05,6,11,0.062338080220796496
7,0.05,6,11,0.07849383951876317
8,0.05,6,11,0.10276980429389723
9,0.05,6,11,0.12374635818118243
10,0.05,6,11,0.13053882639723166
11,0.05,6,11,0.15720614476065695
12,0.05,6,11,0.1863164649458922
1,0.05,6,12,0.050014549948913564
2,0.05,6,12,0.04652497860218477
3,0.05,6,12,0.04168571232246014
4,0.05,6,12,0.056909469686363234
5,0.05,6,12,0.06213541767206696
6,0.05,6,12,0.07609685548380407
7,0.05,6,12,0.08432461249204554
8,0.05,6,12,0.10642553313750734
9,0.05,6,12,0.13330546257066997
10,0.05,6,12,0.16303544275412868
11,0.05,6,12,0.19903560352421973
12,0.05,6,12,0.23983551733822966
1,0.05,6,13,0.04576596810579564
2,0.05,6,13,0.05426696643531992
3,0.05,6,13,0.05812824317962643
4,0.05,6,13,0.06127294093398598
5,0.05,6,13,0.06916163435599103
6,0.05,6,13,0.09179627534807905
7,0.05,6,13,0.12338328053524616
8,0.05,6,13,0.14834626371706033
9,0.05,6,13,0.1630366482851681
10,0.05,6,13,0.1930430887625157
11,0.05,6,13,0.23143633464000093
12,0.05,6,13,0.2793409596077042
1,0.05,6,14,0.03853348448257062
2,0.05,6,14,0.024296223850968066
3,0.05,6,14,0.028332912897078778
4,0.05,6,14,0.030383525017521305
5,0.05,6,14,0.049977184190715326
6,0.05,6,14,0.030904380904549174
7,0.05,6,14,0.02985109832232241
8,0.05,6,14,0.03630714297920567
9,0.05,6,14,0.03672767171830255
10,0.05,6,14,0.05876513009499913
11,0.05,6,14,0.06094643352358399
12,0.05,6,14,0.07152352985265117
1,0.05,6,15,0.029910715673552076
2,0.05,6,15,0.04489364185553866
3,0.05,6,15,0.04704411280072629
4,0.05,6,15,0.06025922577728528
5,0.05,6,15,0.06919599096637151
6,0.05,6,15,0.085898361160282
7,0.05,6,15,0.11184903743897834
8,0.05,6,15,0.14755751693978086
9,0.05,6,15,0.16930312961627975
10,0.05,6,15,0.21358874152377502
11,0.05,6,15,0.2671490762867434
12,0.05,6,15,0.32123675375883687
1,0.05,6,16,0.033846514319628755
2,0.05,6,16,0.02625916594743154
3,0.05,6,16,0.025166600751050358
4,0.05,6,16,0.026176345416854336
5,0.05,6,16,0.03263286854259585
6,0.05,6,16,0.04724950316775714
7,0.05,6,16,0.06404290263339689
8,0.05,6,16,0.08375927990858484
9,0.05,6,16,0.1103202583840158
10,0.05,6,16,0.14892228159259313
11,0.05,6,16,0.18247854113385534
12,0.05,6,16,0.22427574321421584
1,0.05,6,17,0.04866406717991009
2,0.05,6,17,0.0474845862511586
3,0.05,6,17,0.052634814081821926
4,0.05,6,17,0.057339638351145444
5,0.05,6,17,0.0692772980290409
6,0.05,6,17,0.07824520825234023
7,0.05,6,17,0.1007253980150354
8,0.05,6,17,0.12985186140015068
9,0.05,6,17,0.16298132290788775
10,0.05,6,17,0.20483344027712416
11,0.05,6,17,0.24238994423803223
12,0.05,6,17,0.3040557888497246
1,0.05,6,18,0.06002360132621825
2,0.05,6,18,0.08501684836696607
3,0.05,6,18,0.09877845445016806
4,0.05,6,18,0.11129501066926523
5,0.05,6,18,0.11788496417059038
6,0.05,6,18,0.13232801488956678
7,0.05,6,18,0.14512241334313947
8,0.05,6,18,0.18208250364350317
9,0.05,6,18,0.2317980565680098
10,0.05,6,18,0.2878790986622509
11,0.05,6,18,0.34267079440587106
12,0.05,6,18,0.4016581603665198
1,0.05,6,19,0.04857256604587558
2,0.05,6,19,0.060404839501193505
3,0.05,6,19,0.05525055895111753
4,0.05,6,19,0.06625174909996008
5,0.05,6,19,0.08263454021065611
6,0.05,6,19,0.10817213749652815
7,0.05,6,19,0.14182856380209558
8,0.05,6,19,0.17108172278573316
9,0.05,6,19,0.20980353961074383
10,0.05,6,19,0.24941896543424819
11,0.05,6,19,0.2933694646710079
12,0.05,6,19,0.3631911923522836
1,0.05,6,20,0.041869787719847965
2,0.05,6,20,0.03704815077855725
3,0.05,6,20,0.040596797758950365
4,0.05,6,20,0.03911301505066439
5,0.05,6,20,0.055285801013460555
6,0.05,6,20,0.08093118969480183
7,0.05,6,20,0.11172647907270514
8,0.05,6,20,0.127504595598821
9,0.05,6,20,0.1325849991309447
10,0.05,6,20,0.16488855372931138
11,0.05,6,20,0.19524577700089846
12,0.05,6,20,0.2403856644608322
1,0.05,6,21,0.016930727003058754
2,0.05,6,21,0.03648997172483711
3,0.05,6,21,0.04832411744080269
4,0.05,6,21,0.04360880389073668
5,0.05,6,21,0.044700016262492204
6,0.05,6,21,0.046639449597748836
7,0.05,6,21,0.04763767152691142
8,0.05,6,21,0.06361140836318326
9,0.05,6,21,0.05874477166334187
10,0.05,6,21,0.06511756761893531
11,0.05,6,21,0.0693588672443832
12,0.05,6,21,0.08373151441927394
1,0.05,6,22,0.04089833995001255
2,0.05,6,22,0.030540334756610485
3,0.05,6,22,0.03852411305890868
4,0.05,6,22,0.042700609005303675
5,0.05,6,22,0.04550829471655997
6,0.05,6,22,0.05104453480372566
7,0.05,6,22,0.042878204097802144
8,0.05,6,22,0.058754549811995564
9,0.05,6,22,0.06106963376747747
10,0.05,6,22,0.10285234990471685
11,0.05,6,22,0.12054912639733281
12,0.05,6,22,0.14437665984226986
1,0.05,6,23,0.04131267121647609
2,0.05,6,23,0.043532881340312204
3,0.05,6,23,0.06610418608392246
4,0.05,6,23,0.06272611417425128
5,0.05,6,23,0.07142686872131992
6,0.05,6,23,0.08538797618257579
7,0.05,6,23,0.09952752278248922
8,0.05,6,23,0.12697190217767693
9,0.05,6,23,0.1514287780100902
10,0.05,6,23,0.17267834893609074
11,0.05,6,23,0.22150525756018585
12,0.05,6,23,0.25480076949015984
1,0.05,6,24,0.042485302405613164
2,0.05,6,24,0.04684604558461696
3,0.05,6,24,0.04373838308159557
4,0.05,6,24,0.05053584764393808
5,0.05,6,24,0.059525162181044707
6,0.05,6,24,0.06661742541567589
7,0.05,6,24,0.06151571888321308
8,0.05,6,24,0.07160366328138995
9,0.05,6,24,0.09885381794607562
10,0.05,6,24,0.1305250349602547
11,0.05,6,24,0.1675248757147122
12,0.05,6,24,0.19444517008442336
1,0.05,6,25,0.03938449578898651
2,0.05,6,25,0.026741438044409552
3,0.05,6,25,0.03800212404766406
4,0.05,6,25,0.026280587299635765
5,0.05,6,25,0.029004959619836537
6,0.05,6,25,0.034914410331497635
7,0.05,6,25,0.036764726452283764
8,0.05,6,25,0.052812800576012287
9,0.05,6,25,0.07843834773476666
10,0.05,6,25,0.09828725299702228
11,0.05,6,25,0.1317391515171564
12,0.05,6,25,0.1644197300802088
1,0.05,6,26,0.0618216789665861
2,0.05,6,26,0.07633086303369013
3,0.05,6,26,0.08806483945022474
4,0.05,6,26,0.07848160335603356
5,0.05,6,26,0.06585992101728355
6,0.05,6,26,0.08104360899152241
7,0.05,6,26,0.10443670420354555
8,0.05,6,26,0.11799848840837125
9,0.05,6,26,0.12968511584311862
10,0.05,6,26,0.1491704499053001
11,0.05,6,26,0.16498140294172564
12,0.05,6,26,0.1935716008001075
1,0.05,6,27,0.02324115312843655
2,0.05,6,27,0.039937658848749474
3,0.05,6,27,0.059196214383945095
4,0.05,6,27,0.0808453933409667
5,0.05,6,27,0.1083605159732452
6,0.05,6,27,0.11907179704109166
7,0.05,6,27,0.1380245196249628
8,0.05,6,27,0.1599334845315521
9,0.05,6,27,0.19309244213265586
10,0.05,6,27,0.2396592875447568
11,0.05,6,27,0.28034753581525995
12,0.05,6,27,0.3316546660766033
1,0.05,6,28,0.02570710169419313
2,0.05,6,28,0.010870281061958111
3,0.05,6,28,0.008773759418053301
4,0.05,6,28,0.005647468794981817
5,0.05,6,28,0.013468909858948141
6,0.05,6,28,0.011133800173197945
7,0.05,6,28,0.02042102428768458
8,0.05,6,28,0.024216978516350664
9,0.05,6,28,0.022215136574954338
10,0.05,6,28,0.014470483548632061
11,0.05,6,28,0.01793610811310572
12,0.05,6,28,0.038043354656893395
1,0.05,6,29,0.04927434400459368
2,0.05,6,29,0.05787443275105538
3,0.05,6,29,0.07417249686818032
4,0.05,6,29,0.09430247189645558
5,0.05,6,29,0.0917088044923638
6,0.05,6,29,0.11939013824636499
7,0.05,6,29,0.15176578175969674
8,0.05,6,29,0.1973894127413403
9,0.05,6,29,0.23322043969686818
10,0.05,6,29,0.27819591702761304
11,0.05,6,29,0.3275410463766997
12,0.05,6,29,0.37183584708819156
1,0.15,6,0,0.08485234787093705
2,0.15,6,0,0.10187352852618917
3,0.15,6,0,0.12808418860831217
4,0.15,6,0,0.1524922466042541
5,0.15,6,0,0.16410555808612184
6,0.15,6,0,0.19747792250428314
7,0.15,6,0,0.2630375393145577
8,0.15,6,0,0.32160731352562943
9,0.15,6,0,0.38397626825269987
10,0.15,6,0,0.4590614091298094
11,0.15,6,0,0.5523761867700852
12,0.15,6,0,0.6420082028681776
1,0.15,6,1,0.07556517472982706
2,0.15,6,1,0.08646146436932843
3,0.15,6,1,0.08686068540509607
4,0.15,6,1,0.104755719977822
5,0.15,6,1,0.13059152383314693
6,0.15,6,1,0.16136186376974235
7,0.15,6,1,0.20539060173126827
8,0.15,6,1,0.26096860393920174
9,0.15,6,1,0.34851225087456095
10,0.15,6,1,0.4127201475907015
11,0.15,6,1,0.48023129342588017
12,0.15,6,1,0.5557398882959543
1,0.15,6,2,0.074785677085134
2,0.15,6,2,0.11215320197012907
3,0.15,6,2,0.1180634754472478
4,0.15,6,2,0.12063419053772459
5,0.15,6,2,0.13136130212475305
6,0.15,6,2,0.1708112511699486
7,0.15,6,2,0.22744706420244123
8,0.15,6,2,0.2837518076833448
9,0.15,6,2,0.3453198188965192
10,0.15,6,2,0.4351020147574911
11,0.15,6,2,0.5066761400868596
12,0.15,6,2,0.5922713963271328
1,0.15,6,3,0.08577181404451684
2,0.15,6,3,0.11384565413266358
3,0.15,6,3,0.14286136313609044
4,0.15,6,3,0.1757890142107498
5,0.15,6,3,0.2067990501376955
6,0.15,6,3,0.2640602506771956
7,0.15,6,3,0.33616263938682617
8,0.15,6,3,0.4359248438200585
9,0.15,6,3,0.5138266492162502
10,0.15,6,3,0.5784841447242421
11,0.15,6,3,0.6587399495794011
12,0.15,6,3,0.6914056609909647
1,0.15,6,4,0.07489334054111782
2,0.15,6,4,0.0769373781308413
3,0.15,6,4,0.07636048377048082
4,0.15,6,4,0.08469990204031431
5,0.15,6,4,0.11800555133330913
6,0.15,6,4,0.12816831455065983
7,0.15,6,4,0.17734986367264444
8,0.15,6,4,0.22127292459317938
9,0.15,6,4,0.3041239615941882
10,0.15,6,4,0.3948042954061978
11,0.15,6,4,0.4928943630451976
12,0.15,6,4,0.5764118866052117
1,0.15,6,5,0.06514524922881602
2,0.15,6,5,0.08131768366349677
3,0.15,6,5,0.08859608428967768
4,0.15,6,5,0.10350457045821744
5,0.15,6,5,0.12889454776563353
6,0.15,6,5,0.17979749075635001
7,0.15,6,5,0.24025623899293708
8,0.15,6,5,0.31744877420910106
9,0.15,6,5,0.3872641652806018
10,0.15,6,5,0.4797953744677335
11,0.15,6,5,0.5520850536753745
12,0.15,6,5,0.615280167967915
1,0.15,6,6,0.0877796714333453
2,0.15,6,6,0.10634392437843398
3,0.15,6,6,0.14209954460329116
4,0.15,6,6,0.15961281562519622
5,0.15,6,6,0.17520593312943528
6,0.15,6,6,0.23413578278284253
7,0.15,6,6,0.29458713284029087
8,0.15,6,6,0.3647751377529572
9,0.15,6,6,0.4394018299852346
10,0.15,6,6,0.5233525380741941
11,0.15,6,6,0.5920325497153295
12,0.15,6,6,0.6545466457975709
1,0.15,6,7,0.08326487181121836
2,0.15,6,7,0.0902072658808709
3,0.15,6,7,0.12721917117128156
4,0.15,6,7,0.14189126130432733
5,0.15,6,7,0.16622276157368657
6,0.15,6,7,0.20908398206584106
7,0.15,6,7,0.2711499422067861
8,0.15,6,7,0.3468879570483822
9,0.15,6,7,0.4313024712607779
10,0.15,6,7,0.5106086640801767
11,0.15,6,7,0.5689486444824859
12,0.15,6,7,0.6451967409484953
1,0.15,6,8,0.06063637792396391
2,0.15,6,8,0.05997762557342585
3,0.15,6,8,0.05062565915277613
4,0.15,6,8,0.059072319731829255
5,0.15,6,8,0.06693720695825137
6,0.15,6,8,0.09504610352439408
7,0.15,6,8,0.11919468356697825
8,0.15,6,8,0.17564669592723417
9,0.15,6,8,0.22726973367401335
10,0.15,6,8,0.29021776737380073
11,0.15,6,8,0.3584593933335273
12,0.15,6,8,0.44848070744192714
1,0.15,6,9,0.07008303756037602
2,0.15,6,9,0.09307994440498829
3,0.15,6,9,0.11739249097826326
4,0.15,6,9,0.14540203978899743
5,0.15,6,9,0.1580388805549409
6,0.15,6,9,0.22650153893667777
7,0.15,6,9,0.27378805787676697
8,0.15,6,9,0.33397634160785966
9,0.15,6,9,0.3985878291319801
10,0.15,6,9,0.4759557337815254
11,0.15,6,9,0.5654213002355554
12,0.15,6,9,0.6395807094991323
1,0.15,6,10,0.055007998107296424
2,0.15,6,10,0.06364837396588452
3,0.15,6,10,0.06416918568195693
4,0.15,6,10,0.08345384994764271
5,0.15,6,10,0.0934762676984641
6,0.15,6,10,0.11921846004922691
7,0.15,6,10,0.14927515377187486
8,0.15,6,10,0.20161027576151827
9,0.15,6,10,0.2575220634715443
10,0.15,6,10,0.2987881720458738
11,0.15,6,10,0.3626285404129236
12,0.15,6,10,0.4471120187606784
1,0.15,6,11,0.0892200819059113
2,0.15,6,11,0.11231631234175775
3,0.15,6,11,0.12978082433026228
4,0.15,6,11,0.15338727435761199
5,0.15,6,11,0.18015370883960863
6,0.15,6,11,0.22673989725843383
7,0.15,6,11,0.2810875411394904
8,0.15,6,11,0.36545914555799375
9,0.15,6,11,0.43758466172977023
10,0.15,6,11,0.5041010240721787
11,0.15,6,11,0.587836194922402
12,0.15,6,11,0.6567159834168157
1,0.15,6,12,0.06738496384337511
2,0.15,6,12,0.050557823607385546
3,0.15,6,12,0.07043737277408144
4,0.15,6,12,0.0670138388929026
5,0.15,6,12,0.07311872492036214
6,0.15,6,12,0.09629617392162329
7,0.15,6,12,0.13035847225762404
8,0.15,6,12,0.17987902102589706
9,0.15,6,12,0.22271129475345788
10,0.15,6,12,0.2819167443994151
11,0.15,6,12,0.3486055649174399
12,0.15,6,12,0.4296038744904101
1,0.15,6,13,0.08276347112199062
2,0.15,6,13,0.08892915492294964
3,0.15,6,13,0.1006756719145947
4,0.15,6,13,0.12865516672512656
5,0.15,6,13,0.1503002362251264
6,0.15,6,13,0.20375903484469976
7,0.15,6,13,0.2593117450403531
8,0.15,6,13,0.3485697905868643
9,0.15,6,13,0.4392646070765025
10,0.15,6,13,0.5183757094594367
11,0.15,6,13,0.582845990153431
12,0.15,6,13,0.6592406361048995
1,0.15,6,14,0.07191758380784205
2,0.15,6,14,0.06741779215688666
3,0.15,6,14,0.07648768467630532
4,0.15,6,14,0.08122843825753266
5,0.15,6,14,0.11374710346141301
6,0.15,6,14,0.15955505339625342
7,0.15,6,14,0.20665779440608603
8,0.15,6,14,0.2583591345021602
9,0.15,6,14,0.3197678250715039
10,0.15,6,14,0.42070946476321147
11,0.15,6,14,0.5134728292379025
12,0.15,6,14,0.5850156753649752
1,0.15,6,15,0.08452166499667173
2,0.15,6,15,0.10879822538851391
3,0.15,6,15,0.13047162980996663
4,0.15,6,15,0.1361457240798641
5,0.15,6,15,0.1651340400778972
6,0.15,6,15,0.20985833475774643
7,0.15,6,15,0.2604120720017031
8,0.15,6,15,0.32583962809102784
9,0.15,6,15,0.40667718892235394
10,0.15,6,15,0.5014358766154013
11,0.15,6,15,0.5631149123582081
12,0.15,6,15,0.643011182495177
1,0.15,6,16,0.08459179251382577
2,0.15,6,16,0.10391172313728708
3,0.15,6,16,0.1263231648111466
4,0.15,6,16,0.1648808744030402
5,0.15,6,16,0.19796068855001991
6,0.15,6,16,0.26290358341507236
7,0.15,6,16,0.3431760708160698
8,0.15,6,16,0.4317706597139804
9,0.15,6,16,0.5004724159815327
10,0.15,6,16,0.5772933115892285
11,0.15,6,16,0.6540989791668328
12,0.15,6,16,0.7042212601757188
1,0.15,6,17,0.08702817349579069
2,0.15,6,17,0.10292261043567125
3,0.15,6,17,0.09522144599878041
4,0.15,6,17,0.09933272931002385
5,0.15,6,17,0.10359702492207061
6,0.15,6,17,0.1288879147585527
7,0.15,6,17,0.17358038672101817
8,0.15,6,17,0.21821348857039213
9,0.15,6,17,0.2805400134608623
10,0.15,6,17,0.35385633031978714
11,0.15,6,17,0.42631433483748743
12,0.15,6,17,0.5154895836741948
1,0.15,6,18,0.07465285584795046
2,0.15,6,18,0.09459203701427236
3,0.15,6,18,0.10396132143041663
4,0.15,6,18,0.13395509061643313
5,0.15,6,18,0.1751478513472641
6,0.15,6,18,0.23436823267781343
7,0.15,6,18,0.29148592380459176
8,0.15,6,18,0.3559416162597964
9,0.15,6,18,0.42569130780751707
10,0.15,6,18,0.5080335323712992
11,0.15,6,18,0.5813779778261537
12,0.15,6,18,0.6542650604269418
1,0.15,6,19,0.06393741390265417
2,0.15,6,19,0.06782369162345164
3,0.15,6,19,0.08194882371609157
4,0.15,6,19,0.10470232185836453
5,0.15,6,19,0.1224991331114673
6,0.15,6,19,0.16238914579270405
7,0.15,6,19,0.21878369413356408
8,0.15,6,19,0.29153485984160776
9,0.15,6,19,0.35100109472642604
10,0.15,6,19,0.4386051807484216
11,0.15,6,19,0.5314602261198434
12,0.15,6,19,0.6143138650323092
1,0.15,6,20,0.0724823141869746
2,0.15,6,20,0.09518288929969627
3,0.15,6,20,0.12109247530644525
4,0.15,6,20,0.15646043205285431
5,0.15,6,20,0.182573325681684
6,0.15,6,20,0.22784572767803346
7,0.15,6,20,0.2714046855279464
8,0.15,6,20,0.34146653408695166
9,0.15,6,20,0.41224253927919974
10,0.15,6,20,0.506046714079145
11,0.15,6,20,0.5779004622827606
12,0.15,6,20,0.6489540520674046
1,0.15,6,21,0.07079982264732035
2,0.15,6,21,0.08973155578889822
3,0.15,6,21,0.09992221278484169
4,0.15,6,21,0.09805291560896859
5,0.15,6,21,0.1223442715210081
6,0.15,6,21,0.16687559272310468
7,0.15,6,21,0.23120424168583886
8,0.15,6,21,0.27946616291471954
9,0.15,6,21,0.34202175839101107
10,0.15,6,21,0.4331230135640933
11,0.15,6,21,0.5210916699634891
12,0.15,6,21,0.6076580954511974
1,0.15,6,22,0.09465118566906919
2,0.15,6,22,0.12043094872505919
3,0.15,6,22,0.13123142553751627
4,0.15,6,22,0.1489455690195391
5,0.15,6,22,0.16484228783763594
6,0.15,6,22,0.22250931786130898
7,0.15,6,22,0.291709792715678
8,0.15,6,22,0.35969118467573175
9,0.15,6,22,0.4235837808287893
10,0.15,6,22,0.512223340618543
11,0.15,6,22,0.5934480709127216
12,0.15,6,22,0.6717300643500703
1,0.15,6,23,0.0616413916040365
2,0.15,6,23,0.07222409053602095
3,0.15,6,23,0.08903112668032659
4,0.15,6,23,0.10417471697244651
5,0.15,6,23,0.13036526415630192
6,0.15,6,23,0.15656020305651727
7,0.15,6,23,0.18287496763714545
8,0.15,6,23,0.24711099892475516
9,0.15,6,23,0.3142096822626837
10,0.15,6,23,0.3846643197213875
11,0.15,6,23,0.47328180443430484
12,0.15,6,23,0.5557677621035387
1,0.15,6,24,0.08121335965929309
2,0.15,6,24,0.09436304197043298
3,0.15,6,24,0.1069101894048312
4,0.15,6,24,0.12508510858140223
5,0.15,6,24,0.15105945496917902
6,0.15,6,24,0.2036232443618793
7,0.15,6,24,0.24648021294843694
8,0.15,6,24,0.30475669486342755
9,0.15,6,24,0.3739482792474364
10,0.15,6,24,0.4574119590985719
11,0.15,6,24,0.5411737942802028
12,0.15,6,24,0.621724283849415
1,0.15,6,25,0.0685841243917798
2,0.15,6,25,0.08880268460948434
3,0.15,6,25,0.10608258404833205
4,0.15,6,25,0.11675328921741834
5,0.15,6,25,0.12443708779816967
6,0.15,6,25,0.1685060232420888
7,0.15,6,25,0.2174007868690593
8,0.15,6,25,0.29317555744703366
9,0.15,6,25,0.37850665897486757
10,0.15,6,25,0.4668410284445972
11,0.15,6,25,0.55148336292349
12,0.15,6,25,0.6435221853404115
1,0.15,6,26,0.07489040878866762
2,0.15,6,26,0.1088835452935879
3,0.15,6,26,0.16846971639871022
4,0.15,6,26,0.1968052508521434
5,0.15,6,26,0.20591532231850146
6,0.15,6,26,0.2564725209901228
7,0.15,6,26,0.3354798660315843
8,0.15,6,26,0.4178157343358197
9,0.15,6,26,0.5088699732524118
10,0.15,6,26,0.576438347466518
11,0.15,6,26,0.6527208313559033
12,0.15,6,26,0.6969898112966026
1,0.15,6,27,0.09619923167362174
2,0.15,6,27,0.1021509330910829
3,0.15,6,27,0.13026705355899787
4,0.15,6,27,0.15454295038857255
5,0.15,6,27,0.17682315673050666
6,0.15,6,27,0.22644870742475393
7,0.15,6,27,0.29058696037732223
8,0.15,6,27,0.36937205135020057
9,0.15,6,27,0.43651573733765897
10,0.15,6,27,0.5122292021439326
11,0.15,6,27,0.5968050718290517
12,0.15,6,27,0.6772145790426854
1,0.15,6,28,0.06789924810009236
2,0.15,6,28,0.08499480824501349
3,0.15,6,28,0.08736172347811622
4,0.15,6,28,0.10336501838890842
5,0.15,6,28,0.10712119992411573
6,0.15,6,28,0.126310145475578
7,0.15,6,28,0.16693429160052137
8,0.15,6,28,0.23651786391387053
9,0.15,6,28,0.3041558237264269
10,0.15,6,28,0.36741833659869166
11,0.15,6,28,0.4421470333431692
12,0.15,6,28,0.5401618695688455
1,0.15,6,29,0.07789368137052018
2,0.15,6,29,0.08481632091872385
3,0.15,6,29,0.09799264938831105
4,0.15,6,29,0.12873403890969565
5,0.15,6,29,0.12987783324843202
6,0.15,6,29,0.17964285215076328
7,0.15,6,29,0.23734393375176588
8,0.15,6,29,0.2941492226925216
9,0.15,6,29,0.3707249435734918
10,0.15,6,29,0.4464439255161898
11,0.15,6,29,0.5311593688720205
12,0.15,6,29,0.6158779337198956
1,0.25,6,0,0.11481637592575872
2,0.25,6,0,0.136903157474435
3,0.25,6,0,0.1731530581217079
4,0.25,6,0,0.2132437029861095
5,0.25,6,0,0.270565977374808
6,0.25,6,0,0.37914243291799365
7,0.25,6,0,0.48733358732613774
8,0.25,6,0,0.5879428405424599
9,0.25,6,0,0.6808789174755305
10,0.25,6,0,0.7609782160514889
11,0.25,6,0,0.8085468849539533
12,0.25,6,0,0.8653349675418964
1,0.25,6,1,0.11630827076376292
2,0.25,6,1,0.14439289059581958
3,0.25,6,1,0.19147706512216775
4,0.25,6,1,0.23655185318325947
5,0.25,6,1,0.2845062485057965
6,0.25,6,1,0.37895863260734963
7,0.25,6,1,0.4914511126171774
8,0.25,6,1,0.5958812962710098
9,0.25,6,1,0.6880220880269968
10,0.25,6,1,0.7604277656951612
11,0.25,6,1,0.8253862829208175
12,0.25,6,1,0.8584528298258333
1,0.25,6,2,0.11493104135270736
2,0.25,6,2,0.1409622722841552
3,0.25,6,2,0.18044681954393244
4,0.25,6,2,0.2267066028460916
5,0.25,6,2,0.2633405858870402
6,0.25,6,2,0.3323761039266786
7,0.25,6,2,0.42308131980403396
8,0.25,6,2,0.5411087279983162
9,0.25,6,2,0.633807610665699
10,0.25,6,2,0.7049606473172605
11,0.25,6,2,0.7793990411022996
12,0.25,6,2,0.8337877285105376
1,0.25,6,3,0.13452769626657268
2,0.25,6,3,0.1800149769891839
3,0.25,6,3,0.2315793222614944
4,0.25,6,3,0.26405466327619664
5,0.25,6,3,0.3220392144304408
6,0.25,6,3,0.4097671076846942
7,0.25,6,3,0.5130874674643402
8,0.25,6,3,0.6107883790076885
9,0.25,6,3,0.6907427937966111
10,0.25,6,3,0.7456439857576567
11,0.25,6,3,0.8044699776551314
12,0.25,6,3,0.8348162451610802
1,0.25,6,4,0.1135142255047772
2,0.25,6,4,0.14115952864152537
3,0.25,6,4,0.15967688019541876
4,0.25,6,4,0.17347283203527897
5,0.25,6,4,0.20758480934508508
6,0.25,6,4,0.2901575427224497
7,0.25,6,4,0.3833723735150059
8,0.25,6,4,0.48021539272761626
9,0.25,6,4,0.5949808294240386
10,0.25,6,4,0.6971478890334136
11,0.25,6,4,0.7748990054233285
12,0.25,6,4,0.8244804294620977
1,0.25,6,5,0.1269882154871672
2,0.25,6,5,0.15952331843199116
3,0.25,6,5,0.1863380507014646
4,0.25,6,5,0.2223396549396732
5,0.25,6,5,0.2684487533645562
6,0.25,6,5,0.35836531569637375
7,0.25,6,5,0.46966049159136514
8,0.25,6,5,0.5805936455549244
9,0.25,6,5,0.667202463523193
10,0.25,6,5,0.748602818137407
11,0.25,6,5,0.8158957904205557
12,0.25,6,5,0.8522815692412848
1,0.25,6,6,0.11979345887566975
2,0.25,6,6,0.13929187395317694
3,0.25,6,6,0.18012563550622254
4,0.25,6,6,0.21342749078269077
5,0.25,6,6,0.24731825095808163
6,0.25,6,6,0.337966941630064
7,0.25,6,6,0.4468315212764144
8,0.25,6,6,0.5587414134506732
9,0.25,6,6,0.6619101431974532
10,0.25,6,6,0.7457470959504597
11,0.25,6,6,0.8135312463050588
12,0.25,6,6,0.8374029510238266
1,0.25,6,7,0.11810778763263735
2,0.25,6,7,0.13814034690036295
3,0.25,6,7,0.17973962711602381
4,0.25,6,7,0.22926451991141295
5,0.25,6,7,0.26379814483161224
6,0.25,6,7,0.3570069994681535
7,0.25,6,7,0.4539697940231028
8,0.25,6,7,0.559119793350354
9,0.25,6,7,0.6508741985267288
10,0.25,6,7,0.7324763917462073
11,0.25,6,7,0.7928124540186421
12,0.25,6,7,0.8406576234360708
1,0.25,6,8,0.12448165445779556
2,0.25,6,8,0.16505164915731907
3,0.25,6,8,0.201609344769874
4,0.25,6,8,0.24109901441087933
5,0.25,6,8,0.29048246006141354
6,0.25,6,8,0.3818333246065887
7,0.25,6,8,0.4987187591672806
8,0.25,6,8,0.6081814837601888
9,0.25,6,8,0.686002780843685
10,0.25,6,8,0.7644481419941096
11,0.25,6,8,0.8257345073310532
12,0.25,6,8,0.8604842125272568
1,0.25,6,9,0.11939542100433649
2,0.25,6,9,0.13329093708793566
3,0.25,6,9,0.16517867209607964
4,0.25,6,9,0.21421571800724584
5,0.25,6,9,0.23957812444322585
6,0.25,6,9,0.3213635606251584
7,0.25,6,9,0.43338634186072655
8,0.25,6,9,0.5350806661305983
9,0.25,6,9,0.6355118966122079
10,0.25,6,9,0.7355352682194972
11,0.25,6,9,0.8250134623161521
12,0.25,6,9,0.8582941357835046
1,0.25,6,10,0.11405393541503694
2,0.25,6,10,0.14084571065622298
3,0.25,6,10,0.16482063186458457
4,0.25,6,10,0.18556111028121858
5,0.25,6,10,0.22698689282261775
6,0.25,6,10,0.3082097106564072
7,0.25,6,10,0.3972268215808823
8,0.25,6,10,0.4841088414268621
9,0.25,6,10,0.5866993130992774
10,0.25,6,10,0.6755994425742979
11,0.25,6,10,0.736996133333916
12,0.25,6,10,0.8045167857192869
1,0.25,6,11,0.11681146365703009
2,0.25,6,11,0.14776789017353206
3,0.25,6,11,0.16767581663293687
4,0.25,6,11,0.19715980934620567
5,0.25,6,11,0.24142803941343016
6,0.25,6,11,0.31453561189090085
7,0.25,6,11,0.41788901442003334
8,0.25,6,11,0.5287559546369033
9,0.25,6,11,0.6299782212988342
10,0.25,6,11,0.718267292984186
11,0.25,6,11,0.7892211254766233
12,0.25,6,11,0.8443779456423843
1,0.25,6,12,0.11389069398000928
2,0.25,6,12,0.13988667227018142
3,0.25,6,12,0.16757892813228675
4,0.25,6,12,0.2158837373017779
5,0.25,6,12,0.23490035623523245
6,0.25,6,12,0.32186730492629995
7,0.25,6,12,0.42138523853838217
8,0.25,6,12,0.5229889758593919
9,0.25,6,12,0.6338842548081366
10,0.25,6,12,0.7068162466589395
11,0.25,6,12,0.7734619450748476
12,0.25,6,12,0.8208916587792583
1,0.25,6,13,0.11898926225378692
2,0.25,6,13,0.14623805351405628
3,0.25,6,13,0.17109339709908025
4,0.25,6,13,0.23481598318064645
5,0.25,6,13,0.2753442662813123
6,0.25,6,13,0.36849473082132533
7,0.25,6,13,0.46743776182988567
8,0.25,6,13,0.5792585906909352
9,0.25,6,13,0.6873809083723555
10,0.25,6,13,0.787269553693747
11,0.25,6,13,0.8478346477705502
12,0.25,6,13,0.8638603462807698
1,0.25,6,14,0.10487816907333106
2,0.25,6,14,0.1202746299684875
3,0.25,6,14,0.17256023744313334
4,0.25,6,14,0.21000616693832322
5,0.25,6,14,0.24486128209669616
6,0.25,6,14,0.33100704077398574
7,0.25,6,14,0.42580004765680823
8,0.25,6,14,0.5271819722595084
9,0.25,6,14,0.6383677039879616
10,0.25,6,14,0.708226220334543
11,0.25,6,14,0.7796088725793756
12,0.25,6,14,0.8432035738876863
1,0.25,6,15,0.11757357453460053
2,0.25,6,15,0.17034684228150343
3,0.25,6,15,0.206671066285266
4,0.25,6,15,0.256629308678175
5,0.25,6,15,0.30606854179773363
6,0.25,6,15,0.39160619583922773
7,0.25,6,15,0.4739421891555726
8,0.25,6,15,0.579469666321092
9,0.25,6,15,0.6779187197793166
10,0.25,6,15,0.7484400379896944
11,0.25,6,15,0.8224808318241266
12,0.25,6,15,0.863438454236768
1,0.25,6,16,0.10950963939642251
2,0.25,6,16,0.13796351590663794
3,0.25,6,16,0.16080975203742245
4,0.25,6,16,0.19213096991492482
5,0.25,6,16,0.23934609719722955
6,0.25,6,16,0.3214785988641368
7,0.25,6,16,0.40156254131555985
8,0.25,6,16,0.5133953905094163
9,0.25,6,16,0.5951524148805394
10,0.25,6,16,0.7007271240405695
11,0.25,6,16,0.7589994088429963
12,0.25,6,16,0.8240160314773076
1,0.25,6,17,0.12531319275946662
2,0.25,6,17,0.15710161732377304
3,0.25,6,17,0.19795074377302593
4,0.25,6,17,0.23960184744964869
5,0.25,6,17,0.29991509355396906
6,0.25,6,17,0.4070652693144123
7,0.25,6,17,0.5026083349402309
8,0.25,6,17,0.6102675790759494
9,0.25,6,17,0.7021294451924006
10,0.25,6,17,0.7660828430192237
11,0.25,6,17,0.8196972473283396
12,0.25,6,17,0.8459366567880732
1,0.25,6,18,0.12526852804925823
2,0.25,6,18,0.16419109369937898
3,0.25,6,18,0.1939443218997671
4,0.25,6,18,0.23923787495779364
5,0.25,6,18,0.27766933537183197
6,0.25,6,18,0.3672617716206727
7,0.25,6,18,0.4550121725983673
8,0.25,6,18,0.5654697976118437
9,0.25,6,18,0.6732288026337855
10,0.25,6,18,0.7480277007686249
11,0.25,6,18,0.794477453345692
12,0.25,6,18,0.8456481248254902
1,0.25,6,19,0.11168105151563312
2,0.25,6,19,0.1332114252202673
3,0.25,6,19,0.15295546025170426
4,0.25,6,19,0.1855821214905625
5,0.25,6,19,0.22862685673499653
6,0.25,6,19,0.31638646014716837
7,0.25,6,19,0.3973306907203959
8,0.25,6,19,0.5113431035689394
9,0.25,6,19,0.6045313214376348
10,0.25,6,19,0.6934753240630195
11,0.25,6,19,0.7814778591899719
12,0.25,6,19,0.8325443163806558
1,0.25,6,20,0.11310388615182562
2,0.25,6,20,0.1302538295846487
3,0.25,6,20,0.15120683080672956
4,0.25,6,20,0.19362814230276973
5,0.25,6,20,0.22525386925182309
6,0.25,6,20,0.3122449260552446
7,0.25,6,20,0.3988018422118578
8,0.25,6,20,0.5044015771755577
9,0.25,6,20,0.6056073390254513
10,0.25,6,20,0.6937130011055778
11,0.25,6,20,0.7779029810187338
12,0.25,6,20,0.8441608719534639
1,0.25,6,21,0.1275506356146488
2,0.25,6,21,0.1714531290245207
3,0.25,6,21,0.21951851127584276
4,0.25,6,21,0.27350416873595335
5,0.25,6,21,0.3193597643046447
6,0.25,6,21,0.3959092241980676
7,0.25,6,21,0.5007035773190358
8,0.25,6,21,0.6105468915923322
9,0.25,6,21,0.6921741419007127
10,0.25,6,21,0.7669306328049973
11,0.25,6,21,0.8270619152133609
12,0.25,6,21,0.8885834040346778
1,0.25,6,22,0.1135831190275466
2,0.25,6,22,0.14864805859533164
3,0.25,6,22,0.1711374324562625
4,0.25,6,22,0.21226489984285313
5,0.25,6,22,0.26024470127425686
6,0.25,6,22,0.35837974747881507
7,0.25,6,22,0.4788633489252703
8,0.25,6,22,0.5854421122931633
9,0.25,6,22,0.6752770465565763
10,0.25,6,22,0.7558120025186241
11,0.25,6,22,0.8086950617070849
12,0.25,6,22,0.8404324690549987
1,0.25,6,23,0.11980116687537515
2,0.25,6,23,0.14579489486489894
3,0.25,6,23,0.15580766581815791
4,0.25,6,23,0.18615395058043807
5,0.25,6,23,0.2008257522048854
6,0.25,6,23,0.2704655088709065
7,0.25,6,23,0.37858631421368677
8,0.25,6,23,0.4924768684330641
9,0.25,6,23,0.6009965464512447
10,0.25,6,23,0.6948682823627231
11,0.25,6,23,0.7707453327764795
12,0.25,6,23,0.8179507469332422
1,0.25,6,24,0.10064651660149168
2,0.25,6,24,0.1495459811904463
3,0.25,6,24,0.17300115877094505
4,0.25,6,24,0.21857105757292705
5,0.25,6,24,0.2681167541507773
6,0.25,6,24,0.35256272463842037
7,0.25,6,24,0.455176140477087
8,0.25,6,24,0.5649203349867458
9,0.25,6,24,0.6534762494604183
10,0.25,6,24,0.7488381321311782
11,0.25,6,24,0.8110538320743718
12,0.25,6,24,0.856620604739946
1,0.25,6,25,0.11828863715406793
2,0.25,6,25,0.13851274351942736
3,0.25,6,25,0.17153646353263077
4,0.25,6,25,0.2176226407749481
5,0.25,6,25,0.26651185326832066
6,0.25,6,25,0.347863904267948
7,0.25,6,25,0.45440321196385663
8,0.25,6,25,0.5823298529932318
9,0.25,6,25,0.6860122783060197
10,0.25,6,25,0.7539196154901737
11,0.25,6,25,0.8103667989706783
12,0.25,6,25,0.853309668409969
1,0.25,6,26,0.13271202935424165
2,0.25,6,26,0.1619567934357969
3,0.25,6,26,0.2025890609678466
4,0.25,6,26,0.24550283016376787
5,0.25,6,26,0.28211318461372553
6,0.25,6,26,0.3635637565798049
7,0.25,6,26,0.450696644947465
8,0.25,6,26,0.5659222910535829
9,0.25,6,26,0.663199036308167
10,0.25,6,26,0.7579417593420509
11,0.25,6,26,0.8128807815439997
12,0.25,6,26,0.8391619203686826
1,0.25,6,27,0.1138689973601092
2,0.25,6,27,0.14647824684808183
3,0.25,6,27,0.17727838587934558
4,0.25,6,27,0.20163317847770268
5,0.25,6,27,0.23625335469522052
6,0.25,6,27,0.31791716731261194
7,0.25,6,27,0.412637341762772
8,0.25,6,27,0.5060578879038539
9,0.25,6,27,0.5973869899941493
10,0.25,6,27,0.702809806196334
11,0.25,6,27,0.757939732835939
12,0.25,6,27,0.8016844344349343
1,0.25,6,28,0.12310465260618021
2,0.25,6,28,0.1457384865014781
3,0.25,6,28,0.17609853660463143
4,0.25,6,28,0.21368860473509804
5,0.25,6,28,0.2421300850734576
6,0.25,6,28,0.3226132820782328
7,0.25,6,28,0.43071472225027596
8,0.25,6,28,0.5120843388643151
9,0.25,6,28,0.6109480323810228
10,0.25,6,28,0.7107984627814585
11,0.25,6,28,0.7854824619762971
12,0.25,6,28,0.8352781896231657
1,0.25,6,29,0.11394265685532688
2,0.25,6,29,0.1394122319098894
3,0.25,6,29,0.18188980782761754
4,0.25,6,29,0.1998547088105455
5,0.25,6,29,0.2511121801576037
6,0.25,6,29,0.3315008358030849
7,0.25,6,29,0.4361279865451735
8,0.25,6,29,0.5346156594111792
9,0.25,6,29,0.6426579000366504
10,0.25,6,29,0.7087798956005881
11,0.25,6,29,0.7929575528908553
12,0.25,6,29,0.8364235747635587
1,0.05,9,0,0.04200847148994176
2,0.05,9,0,0.05196121153224808
3,0.05,9,0,0.07251563116387122
4,0.05,9,0,0.07234198652133712
5,0.05,9,0,0.09597558558134618
6,0.05,9,0,0.11125828954740791
7,0.05,9,0,0.12142151192016992
8,0.05,9,0,0.12839815252540457
9,0.05,9,0,0.17542771398888374
10,0.05,9,0,0.22051629003371515
11,0.05,9,0,0.2627253891002812
12,0.05,9,0,0.311313008950874
1,0.05,9,1,0.05659527268546917
2,0.05,9,1,0.06478274452593889
3,0.05,9,1,0.073569952352812
4,0.05,9,1,0.07955954750302303
5,0.05,9,1,0.0914757857759166
6,0.05,9,1,0.10385186411427912
7,0.05,9,1,0.1125959223122573
8,0.05,9,1,0.1323092321773343
9,0.05,9,1,0.1595714312856313
10,0.05,9,1,0.20682873208870267
11,0.05,9,1,0.24452988825514038
12,0.05,9,1,0.2888789471826122
1,0.05,9,2,0.034211633171037245
2,0.05,9,2,0.03344879580772106
3,0.05,9,2,0.026211917780190074
4,0.05,9,2,0.028528304396879887
5,0.05,9,2,0.019172314459110423
6,0.05,9,2,0.02134137891038191
7,0.05,9,2,0.012129024273257294
8,0.05,9,2,0.02591413945902427
9,0.05,9,2,0.05275586070398805
10,0.05,9,2,0.06999941062226535
11,0.05,9,2,0.10516386161003144
12,0.05,9,2,0.1396754303696123
1,0.05,9,3,0.03139667291562209
2,0.05,9,3,0.03201298443058589
3,0.05,9,3,0.027937243996636975
4,0.05,9,3,0.02234530039361489
5,0.05,9,3,0.024704797340028086
6,0.05,9,3,0.03389546106435483
7,0.05,9,3,0.05064911921619102
8,0.05,9,3,0.08269669203563218
9,0.05,9,3,0.09053637912424124
10,0.05,9,3,0.1233741516634807
11,0.05,9,3,0.1549815057077371
12,0.05,9,3,0.19783037018965846
1,0.05,9,4,0.04335457372560683
2,0.05,9,4,0.06672425492193568
3,0.05,9,4,0.08203561270482598
4,0.05,9,4,0.1074312607132604
5,0.05,9,4,0.10941879330294924
6,0.05,9,4,0.11531517211752693
7,0.05,9,4,0.11710936700712435
8,0.05,9,4,0.12592110656747468
9,0.05,9,4,0.1650465776681171
10,0.05,9,4,0.20711413558680805
11,0.05,9,4,0.2706471327884065
12,0.05,9,4,0.336071051907755
1,0.05,9,5,0.028045072395596282
2,0.05,9,5,0.029410421517890806
3,0.05,9,5,0.041662096702904695
4,0.05,9,5,0.05730265841184558
5,0.05,9,5,0.06988457085775115
6,0.05,9,5,0.06527122721149631
7,0.05,9,5,0.07878591794547106
8,0.05,9,5,0.09442448882521173
9,0.05,9,5,0.11534599286896596
10,0.05,9,5,0.1274851047726585
11,0.05,9,5,0.15024174836291843
12,0.05,9,5,0.17954558126641051
1,0.05,9,6,0.04040242734000945
2,0.05,9,6,0.05511310253689812
3,0.05,9,6,0.06803016473497006
4,0.05,9,6,0.07731879362030089
5,0.05,9,6,0.06257573974902089
6,0.05,9,6,0.07508145725745714
7,0.05,9,6,0.07250587345000814
8,0.05,9,6,0.07633324499205073
9,0.05,9,6,0.09435667020491344
10,0.05,9,6,0.11199871155440085
11,0.05,9,6,0.1319062424306327
12,0.05,9,6,0.17489022763430592
1,0.05,9,7,0.03925768889911215
2,0.05,9,7,0.04654694724813904
3,0.05,9,7,0.04351670419927106
4,0.05,9,7,0.05985364019948369
5,0.05,9,7,0.06624820298795464
6,0.05,9,7,0.06328659068457805
7,0.05,9,7,0.0686311089405961
8,0.05,9,7,0.07061133747251999
9,0.05,9,7,0.0720977611987712
10,0.05,9,7,0.09165025403215434
11,0.05,9,7,0.11832442927441175
12,0.05,9,7,0.15582601565823706
1,0.05,9,8,0.04443914502572403
2,0.05,9,8,0.0662410355699352
3,0.05,9,8,0.09089996664473961
4,0.05,9,8,0.11247601890905216
5,0.05,9,8,0.1328959680517564
6,0.05,9,8,0.14939560512879008
7,0.05,9,8,0.15810646179287208
8,0.05,9,8,0.1651113098406558
9,0.05,9,8,0.19703647646902855
10,0.05,9,8,0.24302233448635738
11,0.05,9,8,0.28389547416666494
12,0.05,9,8,0.33230802973339313
1,0.05,9,9,0.031012867246529803
2,0.05,9,9,0.042870348623091935
3,0.05,9,9,0.049342024376349256
4,0.05,9,9,0.05739122936142567
5,0.05,9,9,0.07439426374722055
6,0.05,9,9,0.09149150249177562
7,0.05,9,9,0.10374050329812573
8,0.05,9,9,0.12180211186000502
9,0.05,9,9,0.14081376205708915
10,0.05,9,9,0.18773769194062945
11,0.05,9,9,0.22595741066190614
12,0.05,9,9,0.27555695602905533
1,0.05,9,10,0.042787884527368224
2,0.05,9,10,0.031740783746832577
3,0.05,9,10,0.04665922176595763
4,0.05,9,10,0.046765703182608524
5,0.05,9,10,0.05273309513555484
6,0.05,9,10,0.09575521140739768
7,0.05,9,10,0.10222207791437436
8,0.05,9,10,0.11264405416105389
9,0.05,9,10,0.12392067054686542
10,0.05,9,10,0.13786332796379375
11,0.05,9,10,0.16038498389995684
12,0.05,9,10,0.1999995873267635
1,0.05,9,11,0.028084366359037605
2,0.05,9,11,0.04678827744798525
3,0.05,9,11,0.04951805585137084
4,0.05,9,11,0.05163429019113467
5,0.05,9,11,0.06160578572944597
6,0.05,9,11,0.06973602458040785
7,0.05,9,11,0.07632722288052105
8,0.05,9,11,0.09039029521482807
9,0.05,9,11,0.10812546724975701
10,0.05,9,11,0.12643601407379718
11,0.05,9,11,0.16410161648618674
12,0.05,9,11,0.19337368120433504
1,0.05,9,12,0.050501630074425874
2,0.05,9,12,0.064446631482938
3,0.05,9,12,0.06485025572763077
4,0.05,9,12,0.08755084686125046
5,0.05,9,12,0.09388813458007945
6,0.05,9,12,0.12514512585856785
7,0.05,9,12,0.14309790906760436
8,0.05,9,12,0.15268822445716057
9,0.05,9,12,0.17123226549117998
10,0.05,9,12,0.20591707186064961
11,0.05,9,12,0.25008598728884607
12,0.05,9,12,0.2922725052028447
1,0.05,9,13,0.036678669509803724
2,0.05,9,13,0.05180749589860366
3,0.05,9,13,0.054355106510756916
4,0.05,9,13,0.05334587855495218
5,0.05,9,13,0.050106213856772906
6,0.05,9,13,0.040263452646706874
7,0.05,9,13,0.031128463891831805
8,0.05,9,13,0.02763690228940142
9,0.05,9,13,0.024493889805698183
10,0.05,9,13,0.02320463115725234
11,0.05,9,13,0.01175421056054956
12,0.05,9,13,0.01574522783200678
1,0.05,9,14,0.03177580444586182
2,0.05,9,14,0.036330540931704826
3,0.05,9,14,0.04533433816355941
4,0.05,9,14,0.06738462029249716
5,0.05,9,14,0.08162611879340645
6,0.05,9,14,0.09380074305922707
7,0.05,9,14,0.10492694401349834
8,0.05,9,14,0.12073445955563772
9,0.05,9,14,0.1533276692633807
10,0.05,9,14,0.15785304976532344
11,0.05,9,14,0.18239734991694356
12,0.05,9,14,0.22870117258067746
1,0.05,9,15,0.023016267844487483
2,0.05,9,15,0.015718425721098044
3,0.05,9,15,0.012997043658046877
4,0.05,9,15,0.006614453289679729
5,0.05,9,15,0.011486959335541079
6,0.05,9,15,0.01095311351432946
7,0.05,9,15,0.008129748697933821
8,0.05,9,15,0.013893559824377278
9,0.05,9,15,0.004927294474091355
10,0.05,9,15,0.006705384960844475
11,0.05,9,15,0.02502109200995129
12,0.05,9,15,0.03519351235355674
1,0.05,9,16,0.04865680926283956
2,0.05,9,16,0.060103633604944834
3,0.05,9,16,0.07919585220183682
4,0.05,9,16,0.094392317660359
5,0.05,9,16,0.10099333237812645
6,0.05,9,16,0.10805512369050226
7,0.05,9,16,0.11947556862568184
8,0.05,9,16,0.13527812908536194
9,0.05,9,16,0.16500666849243875
10,0.05,9,16,0.19280549988782358
11,0.05,9,16,0.23244816405599458
12,0.05,9,16,0.28006672933912535
1,0.05,9,17,0.028443444790932287
2,0.05,9,17,0.024755767063709445
3,0.05,9,17,0.021948710641880958
4,0.05,9,17,0.030035000697317685
5,0.05,9,17,0.0376617647952525
6,0.05,9,17,0.057168961374919815
7,0.05,9,17,0.06388351504147904
8,0.05,9,17,0.07626519060543581
9,0.05,9,17,0.0906401522602414
10,0.05,9,17,0.09963803901340458
11,0.05,9,17,0.1250066410915901
12,0.05,9,17,0.1527353047608094
1,0.05,9,18,0.0316943756809531
2,0.05,9,18,0.043177936943108494
3,0.05,9,18,0.02979293787109089
4,0.05,9,18,0.024276101247998658
5,0.05,9,18,0.035105135499528345
6,0.05,9,18,0.031130718519052566
7,0.05,9,18,0.04896986915700538
8,0.05,9,18,0.05319420011059239
9,0.05,9,18,0.06918696455295428
10,0.05,9,18,0.0887953479755489
11,0.05,9,18,0.10745910520755896
12,0.05,9,18,0.13582160527691428
1,0.05,9,19,0.039537853117855286
2,0.05,9,19,0.06647939486645914
3,0.05,9,19,0.08699768115828221
4,0.05,9,19,0.10925950144493331
5,0.05,9,19,0.12269761710043336
6,0.05,9,19,0.14544292108039059
7,0.05,9,19,0.14934960957019497
8,0.05,9,19,0.1669602828621082
9,0.05,9,19,0.2086351836859957
10,0.05,9,19,0.233946422173263
11,0.05,9,19,0.30257238520608515
12,0.05,9,19,0.36357946045867345
1,0.05,9,20,0.039145979548587624
2,0.05,9,20,0.042932041614640946
3,0.05,9,20,0.03738714559927554
4,0.05,9,20,0.032147720832833904
5,0.05,9,20,0.054366002365102264
6,0.05,9,20,0.081251897324364
7,0.05,9,20,0.10731686682025582
8,0.05,9,20,0.13261623078961018
9,0.05,9,20,0.1631922199895198
10,0.05,9,20,0.2026852199099008
11,0.05,9,20,0.22720119208161493
12,0.05,9,20,0.26147277525452367
1,0.05,9,21,0.0539200068272305
2,0.05,9,21,0.06450331993840747
3,0.05,9,21,0.07302296993492079
4,0.05,9,21,0.07411846690063366
5,0.05,9,21,0.07710365395674805
6,0.05,9,21,0.0811164736044413
7,0.05,9,21,0.09112670020813816
8,0.05,9,21,0.11162355231240594
9,0.05,9,21,0.13660681532186597
10,0.05,9,21,0.16047658014230834
11,0.05,9,21,0.2011335451963375
12,0.05,9,21,0.2512766974569366
1,0.05,9,22,0.024552859688577393
2,0.05,9,22,0.04490101765461718
3,0.05,9,22,0.0602053544594139
4,0.05,9,22,0.054627757324270054
5,0.05,9,22,0.04948115045800639
6,0.05,9,22,0.055263539097854426
7,0.05,9,22,0.058171417298494656
8,0.05,9,22,0.06672746689405128
9,0.05,9,22,0.08317451943677828
10,0.05,9,22,0.08813197621850627
11,0.05,9,22,0.09068699969507288
12,0.05,9,22,0.12059712640789957
1,0.05,9,23,0.028099385968528248
2,0.05,9,23,0.019282307233657692
3,0.05,9,23,0.005308550764698987
4,0.05,9,23,0.0028644179118207788
5,0.05,9,23,0.00960967109100395
6,0.05,9,23,0.001806038474251346
7,0.05,9,23,0.02261269289764839
8,0.05,9,23,0.023501382377784253
9,0.05,9,23,0.036104442034627614
10,0.05,9,23,0.023425110338095887
11,0.05,9,23,0.03284292231533634
12,0.05,9,23,0.054929569813434026
1,0.05,9,24,0.036904362794924685
2,0.05,9,24,0.035880667291227485
3,0.05,9,24,0.04146827393323805
4,0.05,9,24,0.04884107404269017
5,0.05,9,24,0.049136038829111044
6,0.05,9,24,0.07103076363353893
7,0.05,9,24,0.09561235169626639
8,0.05,9,24,0.10580153699736157
9,0.05,9,24,0.12007836868650096
10,0.05,9,24,0.14665119489619952
11,0.05,9,24,0.18823856905844988
12,0.05,9,24,0.21275107990761802
1,0.05,9,25,0.03307998497804171
2,0.05,9,25,0.04962213132616047
3,0.05,9,25,0.06359719040675088
4,0.05,9,25,0.06577161744232088
5,0.05,9,25,0.05870489816501212
6,0.05,9,25,0.06430846421566973
7,0.05,9,25,0.05954891366197099
8,0.05,9,25,0.06760728243422637
9,0.05,9,25,0.09894134872342567
10,0.05,9,25,0.1145956138934902
11,0.05,9,25,0.14930572426879593
12,0.05,9,25,0.16352628444860343
1,0.05,9,26,0.03569797725728675
2,0.05,9,26,0.02142713501618206
3,0.05,9,26,0.034126810815539865
4,0.05,9,26,0.03251053708072208
5,0.05,9,26,0.029514909203728484
6,0.05,9,26,0.034344140283219755
7,0.05,9,26,0.03844190102749165
8,0.05,9,26,0.0365811867255608
9,0.05,9,26,0.05403173863013408
10,0.05,9,26,0.05390843775247814
11,0.05,9,26,0.07828991993774224
12,0.05,9,26,0.09180940307310158
1,0.05,9,27,0.0324766443808871
2,0.05,9,27,0.034088559827028485
3,0.05,9,27,0.030143672700309206
4,0.05,9,27,0.03490985938397552
5,0.05,9,27,0.043774997239313086
6,0.05,9,27,0.053846226149739246
7,0.05,9,27,0.07745951325812772
8,0.05,9,27,0.09247797019549911
9,0.05,9,27,0.11467804246101146
10,0.05,9,27,0.17040746396813392
11,0.05,9,27,0.2175660145566872
12,0.05,9,27,0.25642419960904944
1,0.05,9,28,0.035132952865061594
2,0.05,9,28,0.03989917165337498
3,0.05,9,28,0.04035206737237454
4,0.05,9,28,0.041439127143739776
5,0.05,9,28,0.054217471206734695
6,0.05,9,28,0.06025135376569287
7,0.05,9,28,0.07646414777963677
8,0.05,9,28,0.07760824923555655
9,0.05,9,28,0.10572291711743723
10,0.05,9,28,0.11777601218431935
11,0.05,9,28,0.1447772814961161
12,0.05,9,28,0.15596416513659722
1,0.05,9,29,0.03119677786057299
2,0.05,9,29,0.038989556988827626
3,0.05,9,29,0.044373021262565274
4,0.05,9,29,0.05516230287322622
5,0.05,9,29,0.05489116326794025
6,0.05,9,29,0.06352165208770391
7,0.05,9,29,0.07073899509568377
8,0.05,9,29,0.0846971326466648
9,0.05,9,29,0.12257526248750872
10,0.05,9,29,0.15246966630281164
11,0.05,9,29,0.17603719603304818
12,0.05,9,29,0.21310136829599477
1,0.15,9,0,0.08646195552575886
2,0.15,9,0,0.09755120934956785
3,0.15,9,0,0.12020394938723189
4,0.15,9,0,0.141935113565798
5,0.15,9,0,0.18195384403153392
6,0.15,9,0,0.20991641518907142
7,0.15,9,0,0.2562628612121086
8,0.15,9,0,0.27628769027979994
9,0.15,9,0,0.3562397039061943
10,0.15,9,0,0.42690827021709565
11,0.15,9,0,0.5128829019628327
12,0.15,9,0,0.5984592489579672
1,0.15,9,1,0.06104809269761525
2,0.15,9,1,0.08267737024439498
3,0.15,9,1,0.08108768945771341
4,0.15,9,1,0.09320485895302258
5,0.15,9,1,0.10582277852833263
6,0.15,9,1,0.1336919109125102
7,0.15,9,1,0.15987928671049167
8,0.15,9,1,0.1902002889073893
9,0.15,9,1,0.24112413001318067
10,0.15,9,1,0.3010617043172891
11,0.15,9,1,0.3772720626060406
12,0.15,9,1,0.4535890328505938
1,0.15,9,2,0.05503918371315274
2,0.15,9,2,0.06525673063276277
3,0.15,9,2,0.08056971671605316
4,0.15,9,2,0.11367518564846521
5,0.15,9,2,0.11892402743275456
6,0.15,9,2,0.13880027778156853
7,0.15,9,2,0.14400623256709807
8,0.15,9,2,0.18148562275100336
9,0.15,9,2,0.23269863854943357
10,0.15,9,2,0.2981998443999076
11,0.15,9,2,0.38956356749214893
12,0.15,9,2,0.4772708774652072
1,0.15,9,3,0.08386035845474263
2,0.15,9,3,0.10711894082284848
3,0.15,9,3,0.12020699792422082
4,0.15,9,3,0.11935954290459605
5,0.15,9,3,0.12740219868200142
6,0.15,9,3,0.14069044889877816
7,0.15,9,3,0.16087446790692608
8,0.15,9,3,0.18800488975473145
9,0.15,9,3,0.2511388048133604
10,0.15,9,3,0.3119108108909611
11,0.15,9,3,0.39049564077734616
12,0.15,9,3,0.48538037220600866
1,0.15,9,4,0.06466352839409992
2,0.15,9,4,0.07821840486197297
3,0.15,9,4,0.07241107094764858
4,0.15,9,4,0.07367543074573327
5,0.15,9,4,0.1104880151309277
6,0.15,9,4,0.11781762716679485
7,0.15,9,4,0.15227512119638792
8,0.15,9,4,0.19110913483869166
9,0.15,9,4,0.2534484823794868
10,0.15,9,4,0.32827336569836785
11,0.15,9,4,0.4069974995109871
12,0.15,9,4,0.5124067546980656
1,0.15,9,5,0.07960021443747542
2,0.15,9,5,0.0972245589308921
3,0.15,9,5,0.10204790001603133
4,0.15,9,5,0.12626427183223496
5,0.15,9,5,0.14271493170950678
6,0.15,9,5,0.15745439350836304
7,0.15,9,5,0.1766830207829945
8,0.15,9,5,0.19303923551266014
9,0.15,9,5,0.23711151413414383
10,0.15,9,5,0.3099215373941826
11,0.15,9,5,0.3671270943912133
12,0.15,9,5,0.43782010981744257
1,0.15,9,6,0.056588718817950384
2,0.15,9,6,0.0629066563540574
3,0.15,9,6,0.06072227405493684
4,0.15,9,6,0.06496632066579963
5,0.15,9,6,0.08269542869631584
6,0.15,9,6,0.11389547637431352
7,0.15,9,6,0.13821761737883384
8,0.15,9,6,0.16141156603222281
9,0.15,9,6,0.2142709607008751
10,0.15,9,6,0.27131770233186814
11,0.15,9,6,0.35365241589079643
12,0.15,9,6,0.4405433435116273
1,0.15,9,7,0.08658706088783326
2,0.15,9,7,0.1184337163956497
3,0.15,9,7,0.13411426910068652
4,0.15,9,7,0.15522174961387342
5,0.15,9,7,0.17712369925419166
6,0.15,9,7,0.22067296015022134
7,0.15,9,7,0.2693611913631756
8,0.15,9,7,0.3170876788866493
9,0.15,9,7,0.39631150148900857
10,0.15,9,7,0.4789793112613374
11,0.15,9,7,0.5628221678416352
12,0.15,9,7,0.6472287054193747
1,0.15,9,8,0.06616845419126786
2,0.15,9,8,0.09566158849598752
3,0.15,9,8,0.09352917665949988
4,0.15,9,8,0.09470464633076922
5,0.15,9,8,0.11148356439017303
6,0.15,9,8,0.12949579850643686
7,0.15,9,8,0.15872839706871117
8,0.15,9,8,0.18568735901186786
9,0.15,9,8,0.2423287716203995
10,0.15,9,8,0.30724096832144515
11,0.15,9,8,0.3815564242941426
12,0.15,9,8,0.46415258143698535
1,0.15,9,9,0.0930530871395727
2,0.15,9,9,0.1128884376642888
3,0.15,9,9,0.13981471023695582
4,0.15,9,9,0.15850365073968656
5,0.15,9,9,0.18324786319421346
6,0.15,9,9,0.2096643265175922
7,0.15,9,9,0.2459708721890843
8,0.15,9,9,0.27518963045915695
9,0.15,9,9,0.3419633632854195
10,0.15,9,9,0.43684738454511196
11,0.15,9,9,0.5292648857319797
12,0.15,9,9,0.6154934412889219
1,0.15,9,10,0.0662445517533749
2,0.15,9,10,0.09600186613873002
3,0.15,9,10,0.13160691812922526
4,0.15,9,10,0.16962483882826937
5,0.15,9,10,0.1871633874869699
6,0.15,9,10,0.20113237054378258
7,0.15,9,10,0.22506313879989304
8,0.15,9,10,0.2585638486607624
9,0.15,9,10,0.3496072654688367
10,0.15,9,10,0.4463028691873171
11,0.15,9,10,0.5176764240230065
12,0.15,9,10,0.5875525816375455
1,0.15,9,11,0.08736006589116722
2,0.15,9,11,0.09960155911690909
3,0.15,9,11,0.10105364837824224
4,0.15,9,11,0.10100407439804973
5,0.15,9,11,0.11548981732347118
6,0.15,9,11,0.1342557786759277
7,0.15,9,11,0.14693756615798742
8,0.15,9,11,0.1686242460631228
9,0.15,9,11,0.21231926344852045
10,0.15,9,11,0.27911848677898965
11,0.15,9,11,0.34975995018205647
12,0.15,9,11,0.4334240514464963
1,0.15,9,12,0.0984309525954795
2,0.15,9,12,0.12268254973659727
3,0.15,9,12,0.140202504651504
4,0.15,9,12,0.15570124017728598
5,0.15,9,12,0.17765280111194715
6,0.15,9,12,0.19243082323788957
7,0.15,9,12,0.2230834656273645
8,0.15,9,12,0.2414393037318328
9,0.15,9,12,0.3065441575873593
10,0.15,9,12,0.37695208536390645
11,0.15,9,12,0.4434945741605569
12,0.15,9,12,0.5338108299663775
1,0.15,9,13,0.07469466078615594
2,0.15,9,13,0.08773075925320205
3,0.15,9,13,0.1040095696796379
4,0.15,9,13,0.11137620423750896
5,0.15,9,13,0.14229754095024014
6,0.15,9,13,0.15543589067747798
7,0.15,9,13,0.18729235721232354
8,0.15,9,13,0.22213632528008673
9,0.15,9,13,0.2838169935301947
10,0.15,9,13,0.34789059589897964
11,0.15,9,13,0.40914179645679544
12,0.15,9,13,0.4839334650761211
1,0.15,9,14,0.07973447343334011
2,0.15,9,14,0.10224897022336174
3,0.15,9,14,0.12365536267388716
4,0.15,9,14,0.14219339369395426
5,0.15,9,14,0.16040530763862693
6,0.15,9,14,0.1723909863558992
7,0.15,9,14,0.1985696672519881
8,0.15,9,14,0.21421983613472914
9,0.15,9,14,0.2628346777557319
10,0.15,9,14,0.31216382120076486
11,0.15,9,14,0.3827039359244742
12,0.15,9,14,0.46694791398190766
1,0.15,9,15,0.07020101756185346
2,0.15,9,15,0.09252928552731149
3,0.15,9,15,0.11346964940390614
4,0.15,9,15,0.14470150138946508
5,0.15,9,15,0.16113297048987785
6,0.15,9,15,0.19130256046350158
7,0.15,9,15,0.22421605237010914
8,0.15,9,15,0.25214399870178017
9,0.15,9,15,0.3273889995995145
10,0.15,9,15,0.3862353868985724
11,0.15,9,15,0.47042710905445057
12,0.15,9,15,0.547190702160361
1,0.15,9,16,0.0797706261852516
2,0.15,9,16,0.09621767910723843
3,0.15,9,16,0.1290514893962749
4,0.15,9,16,0.12494645771105697
5,0.15,9,16,0.1471677367365435
6,0.15,9,16,0.17132807535938177
7,0.15,9,16,0.19081643890499458
8,0.15,9,16,0.19999824170533467
9,0.15,9,16,0.2401949880702671
10,0.15,9,16,0.3041063173880185
11,0.15,9,16,0.36948447009741153
12,0.15,9,16,0.4533254955708371
1,0.15,9,17,0.08399846237240553
2,0.15,9,17,0.10175382811455919
3,0.15,9,17,0.13978285102886112
4,0.15,9,17,0.15493610862794546
5,0.15,9,17,0.189498221389914
6,0.15,9,17,0.2267000656944453
7,0.15,9,17,0.24302433648331892
8,0.15,9,17,0.2923074680797757
9,0.15,9,17,0.3650450088645822
10,0.15,9,17,0.44146409245272267
11,0.15,9,17,0.5156266568652697
12,0.15,9,17,0.612338344730033
1,0.15,9,18,0.06388101841930673
2,0.15,9,18,0.07081508204432185
3,0.15,9,18,0.07933445813116899
4,0.15,9,18,0.09048578971895474
5,0.15,9,18,0.09259432047771186
6,0.15,9,18,0.10603030357287624
7,0.15,9,18,0.13910450757742981
8,0.15,9,18,0.1584775321868008
9,0.15,9,18,0.21818808760253203
10,0.15,9,18,0.2898886380534232
11,0.15,9,18,0.37373161059973814
12,0.15,9,18,0.44711179422877373
1,0.15,9,19,0.08073949515628837
2,0.15,9,19,0.10271436694747492
3,0.15,9,19,0.12514153628457525
4,0.15,9,19,0.16017305285580702
5,0.15,9,19,0.18035915751356427
6,0.15,9,19,0.2198910476388482
7,0.15,9,19,0.26255077478418626
8,0.15,9,19,0.2991870069300238
9,0.15,9,19,0.37745237151681665
10,0.15,9,19,0.46041616449230516
11,0.15,9,19,0.5384647802710075
12,0.15,9,19,0.6141572878840346
1,0.15,9,20,0.07576403296694913
2,0.15,9,20,0.10275679331881972
3,0.15,9,20,0.11662210517582801
4,0.15,9,20,0.12223659216886715
5,0.15,9,20,0.14427566294646352
6,0.15,9,20,0.16331736382286235
7,0.15,9,20,0.21718389826268883
8,0.15,9,20,0.2505504961238784
9,0.15,9,20,0.33015291302402894
10,0.15,9,20,0.4119067599828868
11,0.15,9,20,0.507987196351418
12,0.15,9,20,0.5675720724405521
1,0.15,9,21,0.08063182064383366
2,0.15,9,21,0.09350753027456189
3,0.15,9,21,0.09818368556152919
4,0.15,9,21,0.12141891343260627
5,0.15,9,21,0.15407223777567786
6,0.15,9,21,0.1614261828353416
7,0.15,9,21,0.16838197682563724
8,0.15,9,21,0.2001018331643864
9,0.15,9,21,0.2658189140154969
10,0.15,9,21,0.33460152061750886
11,0.15,9,21,0.4171500352982969
12,0.15,9,21,0.4944542318024834
1,0.15,9,22,0.08283763589828402
2,0.15,9,22,0.09909724083503939
3,0.15,9,22,0.10952824350932727
4,0.15,9,22,0.15086868563025024
5,0.15,9,22,0.17444344789062063
6,0.15,9,22,0.19781664765755247
7,0.15,9,22,0.22270707295738273
8,0.15,9,22,0.2432912270377134
9,0.15,9,22,0.3128976708768495
10,0.15,9,22,0.3948136782237042
11,0.15,9,22,0.4801302055906027
12,0.15,9,22,0.5654755636320948
1,0.15,9,23,0.08595119013973501
2,0.15,9,23,0.09430114714062812
3,0.15,9,23,0.10508636703390259
4,0.15,9,23,0.12188127008799846
5,0.15,9,23,0.14999771495980946
6,0.15,9,23,0.16701557656708924
7,0.15,9,23,0.20273775877757444
8,0.15,9,23,0.23009021237839802
9,0.15,9,23,0.27846853293394563
10,0.15,9,23,0.3391004218571098
11,0.15,9,23,0.42992741680438
12,0.15,9,23,0.5085467734071186
1,0.15,9,24,0.05407258450482291
2,0.15,9,24,0.07145625747037171
3,0.15,9,24,0.08143435705002328
4,0.15,9,24,0.1068776213954143
5,0.15,9,24,0.10893253260663532
6,0.15,9,24,0.14703834170418353
7,0.15,9,24,0.17672598393849262
8,0.15,9,24,0.21578561646060346
9,0.15,9,24,0.26697734724564337
10,0.15,9,24,0.3136590275851463
11,0.15,9,24,0.38801200401737324
12,0.15,9,24,0.4835066516867657
1,0.15,9,25,0.09098097388651148
2,0.15,9,25,0.11060676060028506
3,0.15,9,25,0.13931429759512695
4,0.15,9,25,0.16203310892920594
5,0.15,9,25,0.1809700551229117
6,0.15,9,25,0.19618426438886105
7,0.15,9,25,0.23187328612751235
8,0.15,9,25,0.2670621924622862
9,0.15,9,25,0.3475481817763064
10,0.15,9,25,0.411068249226849
11,0.15,9,25,0.48689252567502267
12,0.15,9,25,0.569903906735949
1,0.15,9,26,0.06423148857184087
2,0.15,9,26,0.06735608393008893
3,0.15,9,26,0.07194956609561773
4,0.15,9,26,0.07998901658641494
5,0.15,9,26,0.1053578614632181
6,0.15,9,26,0.13418905694679883
7,0.15,9,26,0.1453955254233036
8,0.15,9,26,0.19958578481780317
9,0.15,9,26,0.2601838507485742
10,0.15,9,26,0.33627896887837727
11,0.15,9,26,0.4153840826009722
12,0.15,9,26,0.5086764621533841
1,0.15,9,27,0.07912791898073547
2,0.15,9,27,0.07970866303098292
3,0.15,9,27,0.08806011720722541
4,0.15,9,27,0.09437322058990544
5,0.15,9,27,0.1161838060136722
6,0.15,9,27,0.11869913253993003
7,0.15,9,27,0.13511548702776305
8,0.15,9,27,0.14994548240896313
9,0.15,9,27,0.20498766789160935
10,0.15,9,27,0.2492011025036521
11,0.15,9,27,0.32137412837591667
12,0.15,9,27,0.38564531640616373
1,0.15,9,28,0.06876184817736619
2,0.15,9,28,0.0626586649312525
3,0.15,9,28,0.0838692508376753
4,0.15,9,28,0.09511097358556198
5,0.15,9,28,0.12088136716931583
6,0.15,9,28,0.12147968854246377
7,0.15,9,28,0.13385260479408206
8,0.15,9,28,0.169617806106162
9,0.15,9,28,0.2208041759337099
10,0.15,9,28,0.28389513306328973
11,0.15,9,28,0.3515361110717709
12,0.15,9,28,0.4235594616209896
1,0.15,9,29,0.09383643883424987
2,0.15,9,29,0.11347945941349036
3,0.15,9,29,0.12784420378103717
4,0.15,9,29,0.14109165430683235
5,0.15,9,29,0.1665643736800496
6,0.15,9,29,0.18907041252460108
7,0.15,9,29,0.206324470615906
8,0.15,9,29,0.22383733259169855
9,0.15,9,29,0.29445148263149346
10,0.15,9,29,0.37177022369338075
11,0.15,9,29,0.45029509252423333
12,0.15,9,29,0.5306295341965163
1,0.25,9,0,0.13979319501281515
2,0.25,9,0,0.15992711953364785
3,0.25,9,0,0.20853023195773254
4,0.25,9,0,0.25252986871943167
5,0.25,9,0,0.30878966762214344
6,0.25,9,0,0.35675986692058176
7,0.25,9,0,0.4075471032179709
8,0.25,9,0,0.45132227983835244
9,0.25,9,0,0.5585788983814436
10,0.25,9,0,0.6531359226556211
11,0.25,9,0,0.7366431278694182
12,0.25,9,0,0.8041272017212909
1,0.25,9,1,0.10708607431140245
2,0.25,9,1,0.1243375484756463
3,0.25,9,1,0.15777126366765537
4,0.25,9,1,0.19116191192249066
5,0.25,9,1,0.23110269525000612
6,0.25,9,1,0.2920670532812973
7,0.25,9,1,0.32325717729899767
8,0.25,9,1,0.3651828221005102
9,0.25,9,1,0.4699739925730145
10,0.25,9,1,0.5929132594925309
11,0.25,9,1,0.6764533281680944
12,0.25,9,1,0.7505179425837805
1,0.25,9,2,0.09923594252632184
2,0.25,9,2,0.11049816454061352
3,0.25,9,2,0.13178689125067483
4,0.25,9,2,0.13853697843615997
5,0.25,9,2,0.1639397976511272
6,0.25,9,2,0.20632763555358496
7,0.25,9,2,0.26045428607847776
8,0.25,9,2,0.30548636958331
9,0.25,9,2,0.39440251039580787
10,0.25,9,2,0.5048358100556444
11,0.25,9,2,0.6179493494645585
12,0.25,9,2,0.7126620659496011
1,0.25,9,3,0.1008905556947197
2,0.25,9,3,0.12011627302020637
3,0.25,9,3,0.1600921852616212
4,0.25,9,3,0.20050149733045206
5,0.25,9,3,0.2583761706200814
6,0.25,9,3,0.306535599192031
7,0.25,9,3,0.3471279231820006
8,0.25,9,3,0.37699282771266684
9,0.25,9,3,0.5012949139104345
10,0.25,9,3,0.6168756486238088
11,0.25,9,3,0.7130972156272228
12,0.25,9,3,0.7814215032441519
1,0.25,9,4,0.12789222778553844
2,0.25,9,4,0.15700270810577102
3,0.25,9,4,0.19940129766050058
4,0.25,9,4,0.24551844473567314
5,0.25,9,4,0.2785263233388146
6,0.25,9,4,0.32840494343929344
7,0.25,9,4,0.37268302093505246
8,0.25,9,4,0.40199335683553844
9,0.25,9,4,0.5352405980245056
10,0.25,9,4,0.632699093959111
11,0.25,9,4,0.727684324241658
12,0.25,9,4,0.7849484667302321
1,0.25,9,5,0.10497192520456519
2,0.25,9,5,0.13269585355137517
3,0.25,9,5,0.165041405368516
4,0.25,9,5,0.18795346543260547
5,0.25,9,5,0.22755152007732463
6,0.25,9,5,0.2597508791166747
7,0.25,9,5,0.3175931668187596
8,0.25,9,5,0.3682779416547577
9,0.25,9,5,0.46773681840555104
10,0.25,9,5,0.57767455363453
11,0.25,9,5,0.6718435667402041
12,0.25,9,5,0.7527261683367799
1,0.25,9,6,0.12594610492852762
2,0.25,9,6,0.15896276770306264
3,0.25,9,6,0.1791945100858398
4,0.25,9,6,0.2179308385302426
5,0.25,9,6,0.2713136231121269
6,0.25,9,6,0.30664214667606554
7,0.25,9,6,0.3487472507038525
8,0.25,9,6,0.39932017518567753
9,0.25,9,6,0.513607379625856
10,0.25,9,6,0.6122791983190554
11,0.25,9,6,0.6973307156453892
12,0.25,9,6,0.7622472504127042
1,0.25,9,7,0.12739499537465004
2,0.25,9,7,0.15453182924959177
3,0.25,9,7,0.17900699182161078
4,0.25,9,7,0.21094788883499346
5,0.25,9,7,0.2518567678053774
6,0.25,9,7,0.30761836368210915
7,0.25,9,7,0.3693114380230028
8,0.25,9,7,0.4331801042574035
9,0.25,9,7,0.5376374081534984
10,0.25,9,7,0.6456704688967042
11,0.25,9,7,0.7290573221371878
12,0.25,9,7,0.7946997562036764
1,0.25,9,8,0.1237293631332937
2,0.25,9,8,0.15934366865261146
3,0.25,9,8,0.1931370916613586
4,0.25,9,8,0.2454608802863686
5,0.25,9,8,0.2986976389097055
6,0.25,9,8,0.3380582360710652
7,0.25,9,8,0.36756627185951274
8,0.25,9,8,0.4086550513419374
9,0.25,9,8,0.5219165629631594
10,0.25,9,8,0.6332041775715055
11,0.25,9,8,0.7284457969628677
12,0.25,9,8,0.7840161111872499
1,0.25,9,9,0.12041098312197052
2,0.25,9,9,0.13355635192743429
3,0.25,9,9,0.1625568290960222
4,0.25,9,9,0.19940950257280363
5,0.25,9,9,0.24593728605012047
6,0.25,9,9,0.2923570629004109
7,0.25,9,9,0.32446221563334204
8,0.25,9,9,0.39316685060059925
9,0.25,9,9,0.5014744137241001
10,0.25,9,9,0.5969492929413338
11,0.25,9,9,0.6955050004885366
12,0.25,9,9,0.7757374024601102
1,0.25,9,10,0.13164312617536522
2,0.25,9,10,0.180273877190692
3,0.25,9,10,0.22440599777502473
4,0.25,9,10,0.27352062247055425
5,0.25,9,10,0.3280809760628471
6,0.25,9,10,0.3805111525564324
7,0.25,9,10,0.44855072457641093
8,0.25,9,10,0.4811069720667817
9,0.25,9,10,0.5819023773986376
10,0.25,9,10,0.6770305857548633
11,0.25,9,10,0.7651635634833565
12,0.25,9,10,0.8111834775170278
1,0.25,9,11,0.11369340204324846
2,0.25,9,11,0.1566284496531205
3,0.25,9,11,0.19645256017325888
4,0.25,9,11,0.22255383624065353
5,0.25,9,11,0.26411055535614564
6,0.25,9,11,0.3118256497888857
7,0.25,9,11,0.3528983796250175
8,0.25,9,11,0.4048106990342106
9,0.25,9,11,0.5234297562134801
10,0.25,9,11,0.6303242983927868
11,0.25,9,11,0.7043066999509288
12,0.25,9,11,0.7786834832863143
1,0.25,9,12,0.11362915514445854
2,0.25,9,12,0.14348656682861527
3,0.25,9,12,0.1851597017728179
4,0.25,9,12,0.22060474607670735
5,0.25,9,12,0.26899232908361703
6,0.25,9,12,0.3077748148908453
7,0.25,9,12,0.3602170783747129
8,0.25,9,12,0.3980069443026868
9,0.25,9,12,0.5196051372946999
10,0.25,9,12,0.6273442592288017
11,0.25,9,12,0.7002470086602217
12,0.25,9,12,0.7673124541461901
1,0.25,9,13,0.1156685524091168
2,0.25,9,13,0.15323453080590194
3,0.25,9,13,0.19081780321019096
4,0.25,9,13,0.2245370403368567
5,0.25,9,13,0.2702835217229795
6,0.25,9,13,0.3150247312577181
7,0.25,9,13,0.36573773462848413
8,0.25,9,13,0.41374380461313903
9,0.25,9,13,0.5260138370994467
10,0.25,9,13,0.635457959030659
11,0.25,9,13,0.7330516004485658
12,0.25,9,13,0.7738396953053303
1,0.25,9,14,0.11493130217625284
2,0.25,9,14,0.13549574339336712
3,0.25,9,14,0.1697836302576734
4,0.25,9,14,0.1930256192037669
5,0.25,9,14,0.2255580960496952
6,0.25,9,14,0.2768312653239008
7,0.25,9,14,0.32195678243017994
8,0.25,9,14,0.37191321958962814
9,0.25,9,14,0.4817675670645985
10,0.25,9,14,0.5927224044676348
11,0.25,9,14,0.6779850361816003
12,0.25,9,14,0.7511950338460925
1,0.25,9,15,0.11731734645319272
2,0.25,9,15,0.14416856534943628
3,0.25,9,15,0.13617198118498533
4,0.25,9,15,0.16174178801248335
5,0.25,9,15,0.18500036897472766
6,0.25,9,15,0.21754677479419854
7,0.25,9,15,0.2624702957762326
8,0.25,9,15,0.3108304440643871
9,0.25,9,15,0.40546697789616126
10,0.25,9,15,0.5108123042311546
11,0.25,9,15,0.6293982423849265
12,0.25,9,15,0.7135774018452207
1,0.25,9,16,0.12953393162098853
2,0.25,9,16,0.17013179565761705
3,0.25,9,16,0.2057145847433375
4,0.25,9,16,0.2207933429224956
5,0.25,9,16,0.26724095165842254
6,0.25,9,16,0.3158282444778955
7,0.25,9,16,0.3486027435754969
8,0.25,9,16,0.39611385608514726
9,0.25,9,16,0.5058134906689893
10,0.25,9,16,0.5977378823021522
11,0.25,9,16,0.699188065388622
12,0.25,9,16,0.7829122272395589
1,0.25,9,17,0.10769537469826504
2,0.25,9,17,0.13403705289484175
3,0.25,9,17,0.17195433467493254
4,0.25,9,17,0.1990690015760633
5,0.25,9,17,0.2457376940093843
6,0.25,9,17,0.30186754742916044
7,0.25,9,17,0.3455339385759902
8,0.25,9,17,0.4033913497770815
9,0.25,9,17,0.49483341459502445
10,0.25,9,17,0.6017157279303957
11,0.25,9,17,0.7047497884661055
12,0.25,9,17,0.7690763880375457
1,0.25,9,18,0.11765729951332264
2,0.25,9,18,0.12555557549731297
3,0.25,9,18,0.1430249487655861
4,0.25,9,18,0.1578837452758148
5,0.25,9,18,0.1980388464950206
6,0.25,9,18,0.24063927704823157
7,0.25,9,18,0.29137335587234775
8,0.25,9,18,0.3382630361341158
9,0.25,9,18,0.4222765218629519
10,0.25,9,18,0.51930337346056
11,0.25,9,18,0.6388586254332693
12,0.25,9,18,0.7214579225820487
1,0.25,9,19,0.13138500954906843
2,0.25,9,19,0.17929345934121757
3,0.25,9,19,0.22301926517188425
4,0.25,9,19,0.24142072371585754
5,0.25,9,19,0.28788735085607464
6,0.25,9,19,0.3341872837449175
7,0.25,9,19,0.38166344890338516
8,0.25,9,19,0.4203931580173233
9,0.25,9,19,0.5197617695648146
10,0.25,9,19,0.6163608152976119
11,0.25,9,19,0.717325656142244
12,0.25,9,19,0.7819328788766093
1,0.25,9,20,0.12361516031309058
2,0.25,9,20,0.1682543155624987
3,0.25,9,20,0.20557559063938352
4,0.25,9,20,0.24462072896227932
5,0.25,9,20,0.29842161786925564
6,0.25,9,20,0.31784675107939014
7,0.25,9,20,0.34339389768713957
8,0.25,9,20,0.3800728906426514
9,0.25,9,20,0.4861286520074427
10,0.25,9,20,0.6118086327293761
11,0.25,9,20,0.6979618373317678
12,0.25,9,20,0.7667381778912679
1,0.25,9,21,0.12573549045572266
2,0.25,9,21,0.15231544850998946
3,0.25,9,21,0.1695891065931675
4,0.25,9,21,0.20317685067474361
5,0.25,9,21,0.24715922459857595
6,0.25,9,21,0.3150905886159647
7,0.25,9,21,0.3556202434841209
8,0.25,9,21,0.4148193610744326
9,0.25,9,21,0.5278242810493052
10,0.25,9,21,0.6326397273551431
11,0.25,9,21,0.7235496867461539
12,0.25,9,21,0.7771000165370903
1,0.25,9,22,0.11056265367513693
2,0.25,9,22,0.14275686557933903
3,0.25,9,22,0.16119061217669736
4,0.25,9,22,0.17741794527633106
5,0.25,9,22,0.21950321244866722
6,0.25,9,22,0.2619267148533631
7,0.25,9,22,0.3227660517409668
8,0.25,9,22,0.38853240223981916
9,0.25,9,22,0.47863085297051033
10,0.25,9,22,0.5814836035518534
11,0.25,9,22,0.679190370654573
12,0.25,9,22,0.7411709595611224
1,0.25,9,23,0.11235258397087512
2,0.25,9,23,0.13029975710347366
3,0.25,9,23,0.17810983260543925
4,0.25,9,23,0.20655780685379127
5,0.25,9,23,0.25139179343177487
6,0.25,9,23,0.28157162081700177
7,0.25,9,23,0.3373591244022157
8,0.25,9,23,0.3700599874561863
9,0.25,9,23,0.48814210394364493
10,0.25,9,23,0.5895158508620298
11,0.25,9,23,0.6789730829074136
12,0.25,9,23,0.7725688330892401
1,0.25,9,24,0.11200947234968624
2,0.25,9,24,0.14111182895337865
3,0.25,9,24,0.17998409181255728
4,0.25,9,24,0.22053810772473612
5,0.25,9,24,0.2642525490864971
6,0.25,9,24,0.3145332837417457
7,0.25,9,24,0.3690908782250318
8,0.25,9,24,0.4099442382692574
9,0.25,9,24,0.5201648147977064
10,0.25,9,24,0.6372122260070162
11,0.25,9,24,0.7275831713548478
12,0.25,9,24,0.789503566150646
1,0.25,9,25,0.11893869165169683
2,0.25,9,25,0.142933997230194
3,0.25,9,25,0.1691840166932111
4,0.25,9,25,0.18605458921231208
5,0.25,9,25,0.20716940804243494
6,0.25,9,25,0.2501933467366293
7,0.25,9,25,0.2904142377396415
8,0.25,9,25,0.32775528006794624
9,0.25,9,25,0.4266917435679859
10,0.25,9,25,0.5344712381894658
11,0.25,9,25,0.6278314549252884
12,0.25,9,25,0.7187948517213263
1,0.25,9,26,0.1182943488291081
2,0.25,9,26,0.13573571696272418
3,0.25,9,26,0.13932232437213082
4,0.25,9,26,0.17920756731460777
5,0.25,9,26,0.22128756676229108
6,0.25,9,26,0.2761881676597092
7,0.25,9,26,0.32450261512869144
8,0.25,9,26,0.37774453741428876
9,0.25,9,26,0.4845439995351287
10,0.25,9,26,0.5944712638391006
11,0.25,9,26,0.6655632540921484
12,0.25,9,26,0.7508516649155514
1,0.25,9,27,0.11857387188872394
2,0.25,9,27,0.14886804211708826
3,0.25,9,27,0.18103205518634724
4,0.25,9,27,0.21191591699042542
5,0.25,9,27,0.2558089449492309
6,0.25,9,27,0.3095902581744482
7,0.25,9,27,0.3459184366145023
8,0.25,9,27,0.38841069522850213
9,0.25,9,27,0.49204391857198865
10,0.25,9,27,0.5914896360517732
11,0.25,9,27,0.6870416721162791
12,0.25,9,27,0.7504069066885711
1,0.25,9,28,0.11164946711552977
2,0.25,9,28,0.15601999403171127
3,0.25,9,28,0.19747979801036936
4,0.25,9,28,0.24772817214973325
5,0.25,9,28,0.291019649552102
6,0.25,9,28,0.33240363741219514
7,0.25,9,28,0.38111472616209735
8,0.25,9,28,0.4328395472111679
9,0.25,9,28,0.5500441669288871
10,0.25,9,28,0.6555793216236376
11,0.25,9,28,0.744138765371728
12,0.25,9,28,0.8191464626995003
1,0.25,9,29,0.1108742870912565
2,0.25,9,29,0.14325051592737265
3,0.25,9,29,0.1758693927017449
4,0.25,9,29,0.21979169832308293
5,0.25,9,29,0.2597048075408208
6,0.25,9,29,0.3055939674195622
7,0.25,9,29,0.34265900981384934
8,0.25,9,29,0.38343251909159537
9,0.25,9,29,0.46720846259249676
10,0.25,9,29,0.5719981748333457
11,0.25,9,29,0.6760617318659361
12,0.25,9,29,0.7495020307298614
